Microsoft,1975, Software,new,North America
Telmex,1990, Communications,privatization,Latin America
Zara,1975,Fashion,new,Europe
Berkshire Hathaway,1839, Finance,aquired,North America
Oracle,1977, software, new,North America
Koch industries,1940,  Oil refining,new,North America
Las Vegas Sands,1952, casinos, acquired,North America
Walmart,1962, retail, new,North America
L'Oreal,1909,cosmetics,new,Europe
 H&M,1947, fashion, new,Europe
LVMH,1987,luxury goods,acquired,Europe
Bloomberg,1981, finance, new,North America
Google,1998, technology, new,North America
Amazon,1995, technology, new,North America
Cheung Kong,1950,real estate,new,East Asia
 Facebook,2004, technology, new,North America
Ferrero spa,1946,chocolates,new,Europe
Dangote Group,1981,"commodities (sugar, cement flour)",new,Sub-Saharan Africa
Aldi Sud,1914,groceries,new,Europe
Icahn Enterprises,1968,investment (via holding company),new,North America
Soros Fund Management,1969,hedge funds,new,North America
Thomson Corporation (now Thomson Reuters),1934,media,acquired,North America
K. Wah Group,1955,"construction, hotels, gaming",new,East Asia
Schwarz Group,1930,groceries,new,Europe
Kingdom Holding Company,1980,construction/real estate/banking,new,Middle East/North Africa
"Mars, Incorperated",1911,candy,new,North America
Ambev,1999,investment banking/beer,aquired,Latin America
Henderson Land Development,1976,real estate,new,East Asia
Aldi Nord,1913,groceries,new,Europe
?Luxottica,1961,glasses,new,Europe
Renova Group,1990,"aluminum, oil",new,North America
Metalloinvest,1999,metals,new,Europe
Reliance,1980,textiles,new,South Asia
Softbank,1981,technology,new,East Asia
Otto Group,1949,mail order retail,new,Europe
Nike,1964,apparel,new,North America
Fast Retailing/Uniqlo,1963,apparel,new,East Asia
Hancock Prospecting,1955,mining,new,North America
Alfa Group,1989,investment banking,new,Europe
Dell,1984,technology,new,North America
BMW,1916,cars,new,Europe
Fidelity Investments,1946,investment banking,new,North America
ArcelorMittal,1989,steel,new,South Asia
NLMK,1992,steel,aquired,Europe
Chow Tai Fook Enterprises,1929,real estate,new,East Asia
Banco Safra (now Saftra Group),1955,banking,new,Latin America
Novatek,1994,gas,new,Europe
Cox Enterprises,1898,media,aquired,North America
"Pinault-Printemps-Redoute (PPR), now known as Kering",1963,apparel,new,Europe
Antofagasta PLC,1888,mining,aquired,Latin America
Wipro Limited,1945,software,new,South Asia
Gunvor Group,2000,oil trading,new,Europe
MIDROC,1970,construction/real estate,new,Middle East/North Africa
Dalian Wanda Group,1988,real estate,new,East Asia
dish networtk,1980,media,new,North America
Grupo Mexio,1978,copper,new,Latin America
Continental Resources,1967,oil,new,North America
Irvine Company,1864,real estate,aquired,North America
Bridgewater Associates,1975,hedge funds,new,North America
Schaeffler Group,1946,roller bearings,new,Europe
"Grupo Aval Acciones y Valores, SA",1971,banking,aquired,Latin America
Apple,1976,technology,new,North America
MacAnderws and Forbes Holdings,1980,holding company,aquired,North America
Dassault Group,1914,aviation,new,Europe
Frontline Ltd.,1985,oil tankers,aquired,Europe
Lukoil,1990,oil,new,Europe
Paulson & Co.,1994,hedge funds,new,North America
News Limited,1923,media,new,North America
Tencent,1998,internet,new,East Asia
Grosvenor Group,1677,real estate,new,Europe
Sun Pharmaceutical Industries,1983,pharmaceuticals,new,South Asia
Enterprise,1957,rental cars,new,North America
?Shapoorji Pallonji Group,1865,construction,new,Europe
Sun Hung Kai Properties,1963,real estate,new,East Asia
Interros,1991,private investment company,new,Europe
Renaissance Technologies,1982,hedge funds,new,North America
System Capital Management Group,2000,industrial manufacturing and banking,,Europe
Penoles,1960,mining,privatization,Latin America
Baidu,2000,internet,new,East Asia
Serono,1906,pharmaceuticals,new,Europe
Tetra Pak,1944,food packaging,new,Europe
Hangzhou Wahaha Group,1987,beverages,new,East Asia
Trans-World Metals,1990,aluminum,new,Europe
Shangri-La Hotels,1971,hotels,new,East Asia
MDM Bank,1993,banking,new,Europe
Charoen Pokphand (CP Group),1921,retail,new,East Asia
SM Malls,1960,retail,new,East Asia
Usaha Tegas Sdn Bhd,1984,real estate,new,East Asia
Santo Domingo Group,1889,beer,aquired,Latin America
Samsung,1938,electronics,new,East Asia
Prada,1913,luxury goods,new,Europe
HCL,1976,technology,new,South Asia
PPF (Prvn? privatizacn? fond),1991,investment,new,Europe
Sino Group,1970,real estate,new,East Asia
SAC Capital Advisors,1992,hedge funds,new,North America
Beal Bank,1988,real estate/banking,new,North America
Norilsk Nickel,1993,precious metals,privatization,Europe
Severstal,1993,mining,privatization,Europe
Synthes USA,1974,medical technology,new division,Europe
Heineken International,1864,beer,new,Europe
Kuhne + Nagel,1890,transportation,new,Europe
Circle A Drilling,1961,"oil, railroad, investments",aquired,North America
Alliance Boots,1849,pharmaceuticals,aquired,Europe
Hanergy Solar,1994,energy,new,East Asia
Magnit,1994,retail,new,Europe
Lego,1949,toys,new,Europe
H-E-B supermarket,1905,groceries,new,North America
Perenco,1975,oil,new,Europe
Appaloosa Management,1993,hedge funds,new,North America
Kaiser-Francis Oil Company,1940,oil,new,North America
Hinduja Group,1914,"media, exports",new,Europe
Alibaba group,1999,internet,new,East Asia
American Pharmaceutical Partners ,1997,healthcare,new,North America
Blackstone Group,1985,private equity,new,North America
Armani,1975,luxury goods,new,Europe
Kinder Morgan Energy Partners,1997,energy,new,North America
Want Want China,1962,food,new,East Asia
google,1998,technology,new,North America
Rakuten,1997,e-commerce,new,East Asia
Advance Publications,1909,media,new,North America
Red Bull,1984,beverages,new,Europe
Globo Organizations,1925,media,new,Latin America
Millhouse LLC,1988,private investment company,new,Europe
Chanel,1909,luxury goods,new,Europe
ThaiBev,1941,alcohol,privatization,East Asia
Fininvest,1978,media,new,Europe
Sistema/Sitronics,1993,technology,new,Europe
Uralkali,1930,fertilizer,aquired,Europe
SAP AG,1972,software,new,Europe
Interactive Brokers,1977,stock brokerage,new,North America
Ratiopharm,1881,pharmaceuticals,new,Europe
Axel Johnson Group,1873,trade investment,new,Europe
George Weston Limited,1882,food distribution,new,North America
Meijer,1934,groceries,new,North America
CLP Holdings,1901,utilities,new,East Asia
"Paypal, SpaceX, Tesla Motors",1999,technology,new,North America
Chinese Estates Holdings,1978,real estate,new,East Asia
"Allianz, Merk Finck & Co",1890,banking/insurance,new,Europe
Grupo Salinas/Group Elektra,1906,telecommunications,new,Latin America
Metallionvest,1999,mining,new,Europe
Ebay,1995,e-commerce,new,North America
Iliad,1999,internet service provider,new,Europe
Louis-Dreyfus Goup,1851,"commodities (wheat, oil, shipping)",new,Europe
Goupe Castel,1949,beverages,new,Europe
Lactalis,1933,cheese,new,Europe
PeopleSoft,1987,software,new,North America
JCDecaux,1964,advertising,new,Europe
Adolf Wurth Group,1945,screws,new,Europe
Laboratories Servier,1954,pharmaceuticals,new,Europe
Rembrandt Group,1940,tobacco/luxury brands,new,Sub-Saharan Africa
Djarum,1951,tobacco,new,East Asia
Fubon Financial holding Company,1961,banking,new,East Asia
Franklin Resources,1947,mutal funds,new,North America
SAS institute,1976,software,new,North America
Tele-Communications Inc,1968,telecommunications,merger,North America
Menards,1972,hardware stores,new,North America
Est?Lauder,1946,makeup,new,North America
Bollore,1822,paper manufacturing/investment,new,Europe
Jim Pattison Group,1961,autos,new,North America
Perfetti Van Melle,1946,candy,new,Europe
Knorr-Bremse AG,1905,brake systems,new,Europe
Novomatic Automatenhandels AG,1980,gaming,new,Europe
Worldwide Shipping Group,1955,real estate,new,East Asia
Midea,1968,appliances,new,East Asia
Zodiac Maritime Agencies,1950,shipping,new,Middle East/North Africa
Rank Group,1987,private equity,new,North America
Aditya Birla Group,1857,cement,new,South Asia
Ralph Lauren,1967,clothing,new,North America
Cadogan Estates,1712,real estate,new,Europe
"Kaufman and Broad, SunAmerica",1957,construction/insurance,new/aquired,North America
Amway,1959,consumer goods,new,North America
Gazprom,1989,oil,state owned enterprise,Europe
Great Wall Motors,1984,autos,privatization,East Asia
Country Garden Holdings,1997,property development,new,East Asia
Hyundai,1967,cars,new,East Asia
Facebook,2004,internet,new,North America
WhatsApp,2009,mobile app,new,North America
Orascom,1950,construction,new,Europe
De Beers,1888,diamonds,new ,Sub-Saharan Africa
Keyence,1974,technology,new,East Asia
Consolidated Press Holdings Limited,1936,media,aquired,North America
Carnival Corporation,1972,cruises,new,North America
SibAl,1994,aluminum,new,Europe
FEMSA,1890,beverages,new,Latin America
Sociedade de Turismo e Divers?es de Macau,1962,gaming,new,East Asia
Hong Leong Financial Group,1963,financial services,new,East Asia
Enterprise Products,1968,natural gas,new,North America
Kohler Company,1873,manufacturing,new,North America
Glencore Xstrata,1974,mining,new,North America
Techint,1945,steel,new,Europe
Altice,1994,telecommunications,new,Europe
Chick-fil-A,1946,restaurants,new,North America
National Amusements,1936,media,new,North America
Asylum Records/Geffen Records/Dreamworks,1970,entertainment,new,North America
Ural Mining and Metallurgical Company,1999,mining,new,Europe
Asia Brewery,1982,beverages,new,East Asia
LeFrack ,1883,real estate,new,North America
Hostpital Corporation of America,1968,hospitals,new,North America
Fuwah International Group,1988,real estate,new,East Asia
Estat Digiphone (O2),1997,telecommunications,new,Europe
Rosuglesbyt,1999,coal,new,Europe
Renco,1975,investment,new,North America
J.D. Irving,1882,timber,new,North America
Charles Schwab Corporation,1971,brokerage/banking,new,North America
Washington Companies,1964,construction,new,North America
Cook Group,1963,medical technology,new,North America
Apollo Global management,1990,private equity,new,North America
Evergrande Group,1997,real estate,new,East Asia
Shimao Property,1988,real estate,new,East Asia
Mango,1973,fashion,new,Europe
Limited Brands,1963,clothing,new,North America
International Data Goup,1964,technology publishing,new,North America
Bharti Enterprises,1980,telecommunications,new,South Asia
Hunt Oil. Co,1934,oil,new,North America
Kroenke Sports Enterprises,1991,real estate/sports teams,new,North America
Public Bank,1966,banking,new,East Asia
Irving Oil,1924,oil,new,North America
Schroders,1800,banking,new,Europe
Bridas Energy,1948,oil,new,Latin America
Hilcorp Energy Company,1989,oil,new,North America
East Hope Group,1982,agribusiness,new,East Asia
Sports Direct,1982,sporting goods,new,Europe
Holcim,1912,cement,new,Europe
Melker Schorling AB (MSAB),1987,investment,new,Europe
The Related Companies,1972,real estate,new,North America
Foxconn,1974,technology,new,East Asia
Corticeira Amorim,1870,cork,new,Europe
Bestseller,1975,fashion,new,Europe
ISCAR,1952,industrial tools,new,Middle East/North Africa
Fortescue Metals Group,2003,iron ore,new,North America
Rossiysky Kredit,1990,metals/banking,new,Europe
Massa,1965,retail,new,Europe
Citadel LLC,1990,hedge funds,new,North America
Pontiac Land,1961,real estate,new,East Asia
Grupo Modelo,1925,beer,new,Latin America
United Overseas Bank,1935,banking,new,East Asia
Power Corporation of Canada,1925,utilities/financial services,aquired,North America
Mexichem,1998,chemicals,aquired,Latin America
Discount Tire,1960,retail,new,North America
Hobby Lobby,1970,retail,new,North America
Ferring Pharmaceuticals,1950,pharmaceuticals,new,Europe
Kohlberg Kravis Roberts,1976,leveraged buyouts,new,North America
Intel ,1968,technology,new,North America
Meriton,1968,real estate,new,North America
Tavistock Group,1975,currency trading,new,Europe
Landmark Group,1973,retail,new,South Asia
Virgin Group,1972,media,new,Europe
RIMI,1977,groceries,new,Europe
Groupe Bruxelles Lambert,1956,steel/banking,aquired,Europe
Serum Institute of India,1966,biotech,new,South Asia
Tenglemann Group,1867,retail,new,Europe
Randstad,1960,staffing company,new,Europe
Lucasfilm,1971,Star Wars,new,North America
Heinrich Deichmann-Schuhe,1913,shoes,new,Europe
Sankyo,1950,pachinko gaming machines,new,East Asia
Tana Exploration Company,1980,oil,new,North America
O.P. Jindal Group,1969,steel,new,South Asia
Essar Group,1969,steel/oil,new,South Asia
Al-Ghurair Group,1960,industrial goods,new,Middle East/North Africa
Caxton Associates,1983,commodities trading,new,North America
Ziff Davis Inc,1927,publishing,new,North America
Cargill,1865,food processing/commodities,new,North America
Mercadona,1977,groceries,new,Europe
BILLA,1953,groceries,new,Europe
Graff Diamonds,1960,diamonds,new,Europe
Alliance Global Group,1993,"real estate, retail",new,East Asia
New Regency Films,1991,movies,new,Middle East/North Africa
Westfield Group,1960,shopping centers,new,North America
Hipermercados Jumbo,1976,supermarkets,new,Latin America
Globus,1928,travel company,new,Europe
ABC Supply,1982,roofing,new,North America
Conoil/Globacom,1990,oil/telecommunications,new,Sub-Saharan Africa
Sodexo,1960,catering,new,Europe
Kingston Technology,1987,technology,new,North America
Helm AG,1950,chemicals,aquired,Europe
Dyson,1993,vacuum cleaners,new,Europe
Sobrato Organization,1979,real estate,new,North America
MGM Grand,1924,real estate,aquired,North America
Samson Investment Company,1971,oil and gas,new,North America
Majid Al Futtaim,1995,retail,new,Middle East/North Africa
Maxingvest AG,1949,coffee,new,Europe
Chief Oil and Gas ,1994,oil,new,North America
Carlson Inc,1938,hospitality,new,North America
Energy Transfer Partners,1994,gas and propane,new,North America
Maxxis,1967,tires,new,East Asia
Stena Sphere,1939,shipping,new,Europe
Saputo Inc,1954,cheese,new,North America
Fosun Group,1992,investment,new,East Asia
IOI Group,1969,palm oil/real estate,new,East Asia
Sany Heavy Industry,1989,heavy manufacturing,new,East Asia
Tudor Investment Corporation,1980,hedge funds,new,North America
Equity Group Investments,1968,real estate,new,North America
Tashir Group,1999,real estate,new,Europe
BYD Company,1995,mobile phone batteries,new,East Asia
Mori Building,1959,construction,new,East Asia
Formula One Group,1978,racing,aquired,Europe
Bertelsmann,1835,media,new,Europe
International Containter Terminal Services,1940,port containers,new,East Asia
Axel Sbringer AG,1946,publishing,new,Europe
Aurrera,1958,supermarkets,new,Latin America
Hartz Group,1926,"pet supplies, real estate",new,North America
Union Bank of Taiwan,1989,banking/publishing,new,East Asia
First Allied Corporation,1984,"investments/real estate, sports teams",new,North America
United Internet,1988,internet provider,new,Europe
Lerner Enterprises,1952,real estate,new,North America
Amer International Group,1994,copper/mining,new,East Asia
NetEase,1997,internet,new,East Asia
JCB,1945,"heavy equiptment (excavators, backhoes and tractors)",new,Europe
Quanta Computer,1988,laptops,new,East Asia
Steinmetz Diamond Group and BSGR,1940,diamonds,new,Middle East/North Africa
M. Dias Branco S.A.,1927,food production,new,Latin America
IKEA,1943,furniture,new,Europe
Flex-N-Gate,1956,auto parts,aquired,North America
"SGM Group, Mostotrest, TPS Avia",1930,construction,"new, privitization",Europe
EF Education,1977,"education, language schools",new,Europe
Para Group (aka CT Corp),1987,investment banking,new,East Asia
BASF/Boehringer Mannheim/DePuy,1865,pharmaceuticals,new,Europe
Press Holdings,1968,media,new,Europe
Media Markt,1963,retail,new,Europe
Investment AB Latour,1984,security ,new,Europe
Cisneros Group,1929,media,new,Latin America
Bass Pro Shops,1972,sports retail,new,North America
JYSK,1979,retail,new,Europe
Xiaomi Tech,2010,technology,new,East Asia
General Injectables and Vaccines/Third Security LLC,1984,biotech investing,new,North America
S.F. Express,1993,express delivery services,new,East Asia
Empire Laboratories,1959,pharmaceuticals,new,North America
Och-Ziff Capital Management Group,1994,hedge funds,new,North America
The Trump Organization,1920,real estate,new,North America
Bauhaus,1960,home improvement retail,new,Europe
JG Summit Holdings,1954,"manufacturing, real estate, aviation",new,East Asia
Ingram Industries,1946,transportation,new,North America
Bechtel Corporation,1898,construction,new,North America
Institut Merieux,1897,pharmaceuticals,new,Europe
EvrazHolding,1992,steel ,aquired,Europe
Sun Microsystems,1982,microchips,new,Europe
U-haul,1945,self storage,new,North America
Danaher,1969,venture capitalist,new,North America
Reitan Group,1972,groceries,new,Europe
Hargreaves Lansdown,1981,financial services,new,Europe
Wynn Resorts (formarly Mirage Resorts),1973,casinos,new,North America
Kotak Mahindra Bank,1985,banking,new,South Asia
Grupo Petropolis,1994,beer,aquired,Latin America
Enercon,1984,wind energy,new,Europe
Storck,1903,candy,new,Europe
Cablevision and HBO,1972,media,new,North America
Quicken Loans,1985,real estate,new,North America
Hikvision,2001,security equipment,new,East Asia
Fielmann AG,1972,glasses,new,Europe
Mercury Company,1991,cigarettes,new,Europe
Unitel Interneational Holdings,1997,telecom/investments,new,Sub-Saharan Africa
GoerTek,2001,electronic componants,new,East Asia
Alibaba,1999,e-commerce,new,North America
Hyatt,1957,hotels,aquired,North America
Bouygues S.A.,1952,construction,new,Europe
Brose,1919,auto parts,new,Europe
Yildiz Holding,1944,food products,new,Middle East/North Africa
Jetro Holdings,1990,retail,aquired,Sub-Saharan Africa
Coloplast,1957,medical devices,new,Europe
Longfor Properties,1995,real estate,new,East Asia
Suning Group,1990,"retail, home appliances",new,East Asia
SOHO China,1995,real estate,new,East Asia
Thai Life,1942,life insurance,new,East Asia
D.E. Shaw & Co,1988,hedge funds,new,North America
Kiyevskaya Ploshad,0,real estate,,Europe
London & Regional Properties,1987,real estate,new,Europe
Reyes Holdings,1976,beer and food distribution,aquired,North America
Kulczyk Investments,1988,"telecom, oil, beer",privatization,Europe
Tishman Speyer,1978,real estate,new,North America
BlueCrest Capital Management,2000,hedge funds,new,Europe
LinkedIn,2002,internet,new,North America
Solow Building Company,1974,real estate,aquired,North America
International Lease Finance Corporation,1973,aircraft leasing,new,North America
,0,real estate,,Europe
China Hongqiao,1994,aluminum,new,East Asia
Godrej Group,1897,security,new,South Asia
Hexal AG,1986,pharmaceuticals,new,Europe
Home Depot,1979,home improvement retail,new,North America
Twitter,2006,internet,new,North America
GeoSouthern,1981,oil and gas,new,North America
Electronic Data Systems,1962,data processing,new,North America
Unicharm,1961,diapers,new,East Asia
Omega Advisors,1991,asset management,new,North America
Empresas Polar,1941,beer,new,Latin America
Wanxiang Group,1969,automotive parts,new,East Asia
Ito-Yokado,1961,retail,new,East Asia
Almarai,1997,dairy,new,Middle East/North Africa
Gruppo Campari,1860,spirits,new,Europe
Indorama Corporation,1973,petrochemicals and textiles,new,East Asia
Bauer Media Group,1875,media,new,Europe
Polsat,1992,television,new,Europe
Apatit,1929,fertilizer,privatization,Europe
Majestic Realty Co.,1948,real estate,new,North America
LE Lundbergforetagen AB,1944,construction,new,Europe
Saban Entertainment,1988,media,new,North America
Maruhan,1957,gaming,new,East Asia
New Balance,1972,shoes,aquired,North America
Kleinter Perkins Caufield & Byers,1972,venture capitalist,new,North America
Chadstone Shopping Center,1939,real estate,aquired,North America
Hong Tai Group,1965,real estate,new,East Asia
Ferrovial,1952,construction,new,Europe
Stryker Corporation,1941,medical supplies,new,North America
DreamWorks,1994,movies,new,North America
Xinjiang Guanghui Industry Investment Group,1989,energy,new,East Asia
Public Storage,1972,self storage,new,North America
Octapharma,1983,biopharmaceutical,new,Europe
Banco Real,1925,banking,new,Latin America
Kone Corporation,1910,"elevators, escalators, engineering",aquired,Europe
Paramount Resources,1978,petroleum,new,North America
Katz Group,1991,drug stores,franchise rights,North America
DMCI,1954,construction,new,East Asia
The Gap,1969,clothing ,new,North America
Early Light International,1972,toys,new,East Asia
Zhejiang Dahua Technology,2001,security and surveillance technology,new,East Asia
Millennium Management LLC,1989,hedge funds,new,North America
La Martiniquaise,1936,wine and spirits,new,Europe
salesforce.com,1999,cloud computing,new,North America
Benckiser,1923,consumer goods,aquired,Europe
Russneft,2002,oil/investments,new,Europe
GEA Group,1920,food and energy processess,new,Europe
Opko Health,1972,pharmaceuticals,aquired,North America
Diesel,1978,fashion,new,Europe
Ruentex Group,0,"retail, financial services, real estate",,East Asia
Enka insaat ve Sanayi,1957,construction,new,Middle East/North Africa
East Resources,1983,natural gas,new,North America
Shoprite,1979,consumer retail,aquired,Sub-Saharan Africa
Lupin Limited,1968,pharmaceuticals,new,South Asia
FedEx,1971,shipping,new,North America
"Vision Cable, Metro Mobile, Southern Union",1972,"media, pipelines",new,North America
MSC,1970,shipping,new,Europe
Horten AG,1936,retail,new,Europe
CEVITAL,1971,"manufacturing (agriculture, steel, electronics)",new,Middle East/North Africa
Tiger Management Corp,1980,hedge funds,new,North America
New Hope Group,1982,animal feed,new,East Asia
BYD,1995,automobiles,new,East Asia
EFG International,1938,shipping,new,Europe
Interpipe,1983,pipelines,new,Europe
Absolut,1993,"banking, real estate",new,Europe
BTG Pactual,2008,banking,new,Latin America
Votorantim Group,1919,"metals, paper, cement",new,Latin America
Sierra Pacific Industries,1949,"lumber, real estate",new,North America
Carlyle Group,1987,private equity,new,North America
Azrieli Group,1985,shopping centers,new,North America
Topland Group,0,real estate,new,Europe
?Rudolf WILD GmbH & Co. KG,1931,natural flavors,new,Europe
Marvel Entertainment,1998,media,aquired,North America
"Oakley, Inc",1975,apparel and eyewear,new,North America
Delaware North Companies,1915,hospitality and food service,new,North America
Epic Systems,1979,healthcare management,new,North America
Mansour Group,1952,automobiles,new,Middle East/North Africa
Savola Group,1979,food processing,new,Middle East/North Africa
Investcom,1982,telecommunications,new,Middle East/North Africa
"Spear, Leeds & Kellogg",1931,investment banking,new,North America
Golden Eagle International Group,1992,retail,new,North America
Giant Interactive,2005,software,new,East Asia
Duquesne Capital,1981,hedge funds,new,North America
Easy Jet,1995,airline,new,Europe
MMC Corp./DRBHicom,1911,"rice trading, mining, infrastructure",privatization,East Asia
Muller,1896,dairy products,new,Europe
Formosa Plastics,1954,petrochemicals,new,East Asia
El-Ad Group,1992,real estate,new,Middle East/North Africa
ICT Group,1991,private equity,new,Europe
Continental Cablevision,1964,media,new,North America
Pratt Industries/Visy Industries,1948,paper,new,North America
ESL Investment,1988,investment banking,new,North America
Subway,1965,restaurant,new,North America
Loh Group,1961,industrial software,new,Europe
S. C. Johnson & Son,1886,cleaning supplies,new,North America
The Stine Seed Group,1965,seeds,new,North America
FIBA Holding,1987,finance,new,Middle East/North Africa
Leprino Foods,1950,cheese,new,North America
Jones Oil and Land Lease,1970,oil and gas,new,North America
Gristedes Foods,1971,groceries,new,North America
John Paul Mitchell Systems/Patron Spirits Company,1980,hair care products/tequila,new,North America
Platinum Asset Management,1994,asset management,new,North America
DLF Limited,1946,real estate,new,South Asia
"Sociedade de Turismo e Divers?es de Macau, SA",1962,real estate,new,East Asia
Oceanwide Group of Beijing,1985,"real estate, financial services and computers",new,East Asia
Oxylane,1976,sports equipment,new,Europe
Ramsay Health Care,1964,hospitals,new,North America
Rich Products Corporation,1945,frozen foods,new,North America
Prudential Enterprise,1958,real estate,new,East Asia
Belle Holdings,1981,footwear,new,East Asia
ENN Energy Group,1992,natural gas,new,East Asia
Vedanta Resources,1986,metals and mining,new,South Asia
Benetton Group,1965,fashion,new,Europe
Yahoo!,1994,software,new,North America
Standard Oil,1870,oil,new,North America
Forever 21,1984,fashion,new,North America
Unibanco,1926,banking,new,Latin America
Olen Properties,1973,real estate,new,North America
Gilinski Group,1991,"banking, real estate",aquired,Latin America
Centaurus Advisors,2003,hedge funds,new,North America
Apollo Group Management,1990,private equity,new,North America
EMS-Chemie,1936,petrochemicals,aquired,Europe
Artemis Goup,1911,kitchen appliances,aquired,Europe
Esprit Holdings Limited,1968,clothing,new,East Asia
Harpo Productions,1986,media,new,North America
International Forest Products,1972,paper products,new,North America
Platinum Equity,1995,private equity,new,North America
Piewit Corporation,1884,construction,new,North America
Companhia Brasileira de Distribui?ao,1948,retail,new,Latin America
Schorghuber Group,1954,real estate,new,Europe
Jeronimo Martins,1792,groceries,new,Europe
Taubman Centers,1950,real estate (shopping malls),new,North America
Asklepios Kliniken GmbH,1984,hospitals,new,Europe
Orient Overseas Container Line,1969,shipping,new,East Asia
Rossmann,1972,retail,new,Europe
Edward J. DeBartolo Corporation,1944,real estate,new,North America
Ronesans Construction,1994,construction,new,Middle East/North Africa
Adani Group,1988,"energy (coal, oil and gas)",new,South Asia
Century Golden Resources Group,1991,real estate,new,East Asia
Loews Corporation,1946,retail,new,North America
Midland Mobile Phones,1986,cell phones,new,Europe
Bank of Ayudhya/Bangkok Broadcasting and Television Company,1945,"banking, media",new,East Asia
Conair,1959,hair care products ,new,North America
Campbell Soup,1869,soup,aquired,North America
ABC-Mart,1985,shoe retail,new,East Asia
Metro AG,1923,retail,new,Europe
Sequoia Capital,1972,venture capitalist,new,North America
RMA Watanya,1949,insurance,new,Middle East/North Africa
Golden Eagle Energy,1980,coal,new,East Asia
Adecco,1996,HR consulting,aquired,Europe
Sid Richardson Gasoline Co,1919,oil,new,North America
AmorePacific,1945,cosmetics,new,East Asia
Magnitogorsk Metallurgical Enterprise,1925,iron and steel,privatization,Europe
Petro-Hunt,1920,oil,new,North America
WL Ross & Co,2000,leveraged buyouts,new,North America
China Huishan Dairy Holding,1951,dairy products,new,East Asia
Stroygazconsulting,1992,construction,new,Europe
Chandler Corporation,1986,private equity,new,North America
Dolby Laboratories,1965,video technology,new,North America
TPG Capital,1992,private equity,new,North America
CA Technologies,1976,software,new,Europe
ECCO,1963,shoes,new,Europe
Wharton Properties,1994,real estate,new,North America
Joh. Johannson,1866,groceries,new,Europe
Park Hotel Group,1961,real estate,new,East Asia
JD.com,2004,e-commerce,new,East Asia
Kynetic/GSI,1995,e-commerce,new,North America
O Botic?rio,1977,cosmetics,new,Latin America
African Rainbow Minerals,1997,mining,new,Sub-Saharan Africa
Zhejiang Semir Garment,1996,retail,new,East Asia
Ubiquiti Networks,2005,wireless products,new,North America
Yucaipa Companies,1986,private equity,new,North America
Summit,1992,real estate,new,East Asia
Shenzhen Salubris Pharmaceuticals,1998,pharmaceuticals,new,East Asia
YTL Corporation,1955,"construction, utilities",new,East Asia
Univision,1955,media,aquired,North America
Hudson's Bay Company,1670,retail,privatization,North America
Arcadia,1903,fashion retail,aquired,Europe
Rosgosstrakh,1921,insurance,privatization,Europe
Amil,1972,healthcare management,new,Latin America
Grupo Televisa,1955,media,new,Latin America
BW Group,1955,shipping,new,Europe
Allen & Company,1922,investment banking,new,North America
Hengan Internationl Group Company Limited,1985,diapers,new,East Asia
Advanced Semiconductor Engineering,1984,electronics,new,East Asia
SACI Falabella,1889,retail,new,Latin America
Broadcast.com,1995,web broadcasting,new,North America
Viessmann Group,1917,heating systems,new,Europe
AAC Technologies,1993,electronics,new,East Asia
Lee & Man Paper Manufacturing,1994,paper,new,East Asia
Arthrex Inc,1981,medical supplies,new,North America
ENSCO International,1986,hedge funds,new,North America
"Napster, Plaxo, Airtime",1999,internet companies,new,North America
Ty Inc.,1986,toys,new,North America
Metalloinvest/Coalco,1999,real estate and metals,new,Europe
Surgutneftegaz,1993,oil,privatization,Europe
Hikari Tsushin,1988,mobile phones,new,East Asia
Al-Futtaim Group,1930,trading,new,Middle East/North Africa
Sonae SGPS,1959,retail,aquired,Europe
CMPC,1920,timber and paper,new,Latin America
s.Oliver,1969,fashion,new,Europe
The Carphone Warehouse,1989,cell phones,new,Europe
SK Corporation,1958,"petrochemicals, textiles",new,East Asia
Zomba Group,1975,music,new,Europe
Gulf States Toyota Distributors,1969,automobiles,new,North America
DGI Group,1996,mining,new,Middle East/North Africa
Belcorp,1988,cosmetics,new,Latin America
Mediolanum SpA,1982,asset management,new,Europe
Famfa Limited,1991,fashion/oil,new,Sub-Saharan Africa
Corporation Gestamp SL,1958,steel,new,Europe
Waste Management,1968,waste management,new,North America
Pittsburgh Coke & Chemical,1942,coal,new,North America
Hubert Burda Media,1898,media,new,Europe
Environmental Systems Research Institute,1969,software,new,North America
Obrascon Huarte Lain S.A.,1911,construction,aquired,Europe
Aker Soulutions ASA,1841,oil,aquired,Europe
Drexel Burnham Lambert,1935,investment banking,new,North America
Garmin,1989,GPS technology,new,North America
Lippo Group,1948,banking,new,East Asia
JMB Realty,1969,real estate,new,North America
Foshan Haitian Flavoring and Food,1720,soy sauce,new,East Asia
Niarchos Ltd,1952,shipping,new,Europe
New Frontier Hotel and Casino,1942,casinos,aquired,North America
Nidec,1973,electronics,new,East Asia
Rational AG,1973,kitchen appliances,new,Europe
Playtech,1999,gambling software,new,Middle East/North Africa
Headington Oil,1978,oil,new,North America
East Line Group,1992,airport,new,Europe
Stephans Inc.,1933,financial services,new,North America
Ocwen Financial,1988,mortgages,new,North America
Li & Fung Group,1906,supply chain,new,East Asia
Wm Wrigley Jr. Company,1891,gum,new,North America
Al Rajhi bank,1957,Banking,new,Middle East/North Africa
Agrofert,1993,agriculteral,new,Europe
IAC ,1986,media,new,North America
Syntel,1980,IT Consulting,new,North America
Hero Group,1947,bicycles,new,South Asia
Organizacion Ardila Lulle,1904,soft drinks,aquired,Latin America
Tai Hung Fai Enterprise,1977,real estate,new,East Asia
Doetsch Grether,1899,beauty and health care products,new,Europe
Arnel & Affiliates,1969,real estate,new,North America
Hip Shing Hong Group,1948,real estate,new,East Asia
Abello Laboratories,1938,pharmaceuticals,new,Europe
Fisher Investments,1979,money management,new,North America
Under Armour,1998,apparel,new,North America
Hong Leong Group,1948,banking,new,East Asia
Michael Kors,1981,retail,new,North America
Getin Holding,1996,banking,new,Europe
Guangdong By-Health Biotechnology,1995,nutrition supplements,new,East Asia
Brioche Doree,1976,restaurant,new,Europe
Shenzhou International,1990,textiles,new,East Asia
Roche,1896,pharmaceuticals,new,Europe
Fadesa,1980,real estate,new,Europe
Boston Properties,1970,real estate,new,North America
Cadila Healthcare,1952,pharmaceuticals,new,South Asia
Northern & Shell,1974,media,new,Europe
Lewis Energy,1983,oil and natural gas,new,North America
Dallah al Baraka Group,1969,airport maintenance,new,Middle East/North Africa
Bancard,1976,credit cards,new,Latin America
Landry's Restaurant,1980,restaurant,aquired,North America
Wilmar International,1991,palm oil,new,East Asia
Livejournal,1999,technology,new,Europe
NCSP Group,1957,port,privatization,Europe
B. F. Saul Company,1899,mortgage banking,new,North America
PIMCO,1971,mutual funds,new,North America
Esselunga,1957,groceries,new,Europe
Zijin Mining Group,2000,mining,new,East Asia
Bank of North Carolina,1991,banking,new,North America
Dole Food Company,1851,food,aquired,North America
Metropolitan Bank and Trust Company,1962,banking,new,East Asia
Privatbank,1992,Banking,new,Europe
"Bennett, Coleman & Co Ltd.",1838,media,new,South Asia
NASCAR,1947,sports,new,North America
Addax Petroleum,1994,oil,new,Europe
Leshi Television,2000,entertainment,new,East Asia
The Peel Group,1971,real estate,aquired,Europe
Quimica y Minera de Chile,1968,mining,privatization,Latin America
Geox,1995,footwear,new,Europe
Synthos,1945,chemicals,aquired,Europe
Marriot,1927,hotels,new,North America
Future Electronics,1968,electronics,new,North America
Hubbard Broadcasting Inc,1925,media,new,North America
Beijing Enlight,2000,entertainment,new,East Asia
Yangtze River Pharmaceutical Group,1971,pharmaceuticals,new,East Asia
DHC Software,2001,software,new,East Asia
Viking Global Equities,1999,hedge funds,new,Europe
Saudi Oger,1978,construction,aquired,Middle East/North Africa
ATF Bank,1995,banking,new,South Asia
Lululemon Athletica,1998,apparel,new,North America
Third Point LLC,1995,hedge funds,new,North America
De'Longhi Group,1902,aplliances,new,Europe
Jean Coutu Group,1969,retail,new,North America
Chongqing Zhifei Biological Products,2001,pharmaceuticals,new,East Asia
"Morningstar, Inc",1984,media,new,North America
Endemol,1994,media,new,Europe
Sun Group,1993,media,new,South Asia
Linfox,1956,trucking and logistics,new,North America
Cirsa,1978,entertainment,new,Europe
Ashmore Group,1998,financial services,new,Europe
Glen Dimplex Group,1973,domestic appliances,new,Europe
General Mediterranean Holding,1979,"banking, real estate",new,Europe
Colopl,2008,software,new,East Asia
PayPal,1998,"e-commerce, venture capital",new,North America
Grupo Camargo Correra,1939,construction,new,Latin America
Symphony Technology Group,2002,private equity,new,North America
Koc Holding,1926,"energy, retail, manufacturing",new,Middle East/North Africa
Allegis Group,1983,staffing company,new,North America
CNN,1970,media,aquired,North America
Nipsea,1962,paint,joint venture,East Asia
Petroalliance,1995,oil services,new,Europe
Pamplona Capital Management,2005,bank,new,North America
Construcciones y Contratas,1952,construction,aquired,Europe
Natura Cosmeticos,1969,cosmetics,new,Latin America
Seagrams,1857,liquor,new,North America
Portland House Group,1980,hedge funds,new,North America
Pinfra,1969,construction,new,Latin America
Dogus Holding,1951,"construction,banking",new,Middle East/North Africa
Golden State Bancorp,1926,insurance,new,North America
Prosegur,1976,security,new,Europe
Starbucks,1971,coffee,new,North America
Itera,1992,gas,new,Europe
J.B. Hunt Transport Services,1961,trucking ,new,North America
Zhongwang Holdings,1993,aluminum,new,East Asia
Ranbaxy Laboratories,1961,pharmaceuticals,new,South Asia
Kos Pharmaceuticals,1988,pharmaceuticals,new,North America
Canadian Natural Resources,1989,oil,new,North America
Royal Holdings/RB Capital,1947,real estate,new,East Asia
Deutsche Verm?gensberatung?,1975,financial services,new,Europe
Best Buy,1966,retail,new,North America
Calzedonia Group,1987,retail,new,Europe
Lone Pine Capital,1997,hedge funds,new,North America
Royal Golden Eagle International,1973,lumber,new,East Asia
Wella AG,1927,hair care,new,Europe
Cathay Financial,1954,financial services,new,East Asia
GungHo Online Entertainment,2002,internet companies,new,East Asia
Globus & Co.,1828,food retail,new,Europe
Paychex,1971,payroll processing ,new,North America
Shui On Group,1971,construction,new,East Asia
Guangzho R&F,1994,real estate,new,East Asia
Qihoo,2005,internet companies,new,East Asia
GCL-Poly Energy Holdings,2008,solar energy,new,East Asia
Simon Property Group,1960,real estate,new,North America
The Gores Group,1987,private equity,new,North America
Technoserv,1992,technology,new,Europe
Royal Caribbean Cruises,1969,cruises,new,Europe
Musim Mas,1932,oleochemicals and palm oil,new,East Asia
Edmond de Rothschild Group,1953,banking,new,Europe
Commonwealth Brands,1991,tobacco,new,North America
Oaktree Capital Management,1995,asset management,new,North America
Guangdong Alpha Animation and Culture Co,1999,animation,new,East Asia
Carl Bennet AB,1989,investments,new,Europe
Orlando Corp,1948,construction,new,North America
Grupo Financiero Interacciones,1992,banking,new,Latin America
Swagelok,1947,manufacturing,new,North America
Reignwood Group,1984,real estate,new,East Asia
Iams,1946,pet food,new,North America
Whiteco Industries,1935,advertising,new,North America
International Investment and Underwriting,1995,private equity,new,Europe
TMK Pipes,1934,steel,privatization,Europe
McLane Company,1894,groceries,new,North America
Mueller,1953,retail,new,Europe
Visy Industries,1948,paper,new,North America
Actividades de Construccion y Servicios,1983,construction,aquired,Europe
Opel,1862,cars,new,Europe
Getty ,1904,oil,new,North America
Cirque du Soleil,1984,entertainment,new,North America
York Capital management,1991,hedge funds,new,North America
Breyer Capital,2006,venture capitalist,new,North America
ICC Industries,1950,chemicals,new,North America
Walsh Group,1898,construction,new,North America
Hewlett-Packard,1935,technology,new,North America
Alpha Investment Management,1988,hedge funds,new,North America
Hermes,1837,luxury fashion,new,Europe
GLG Partners,1995,hedge funds,new,North America
Kowloon Development,1961,real estate,new,East Asia
Cogen Technologies,1983,cogeneration,new,North America
Baron Capital Group,1982,investment banking,new,North America
Russian Standard Vodka,1998,liquor,new,Europe
Tee Yih Jia Food Manufacturing,1969,food manufacturing,aquired,East Asia
Intime Retail,1988,retail,new,East Asia
Kyobo Life Insurance,1958,insurance,new,East Asia
Shenzhen Brightoil Group,1994,oil,new,East Asia
Yantai Jereh Oilfield Services Group,1997,oil exploration equipment,new,East Asia
Siebel Systems,1993,software,new,North America
Cathay Life Insurance,1962,financial services,new,East Asia
Acron Group,1961,fertilizers,privatization,Europe
China Fortune Land Development,1998,real estate,new,East Asia
Broadcom Corporation,1991,semiconductors,new,North America
Riachuelo,1956,retail,new,Latin America
Slim-Fast,1940,beverages,new,North America
Lotte Group,1948,retail,new,East Asia
Yiling Pharmaceuticals,1992,pharmaceuticals,new,East Asia
Corpbanca,1871,banking,new,Latin America
Smart-Holding,1995,steel,new,Europe
Urals mining and Metals Company,1935,mining,privatization,Europe
Go Daddy,1997,internet domain and web hosting,new,North America
K. Raheja Corp,1956,real estate,new,South Asia
Groupe Roullier,1959,fertilizers,new,Europe
First Manhattan,1964,investment banking,new,North America
Lesser Towers,1961,real estate,new,North America
Corporacion America,1988,airports,new,Latin America
Fayez Sarofim & Co,1958,money management,new,North America
Draxlmaier Group,1958,automotive components,new,Europe
Zhejiang Huace Film & TV,2005,media,new,East Asia
HAL Investments,1873,investments,new,Europe
Wood Group,1912,oil,new,Europe
INSYS Thereputics,1990,pharmaceuticals,new,North America
Associated Newspapers,1894,media,new,Europe
Vnukovo Airport,1937,airports,privatization,Europe
Chang Chun Group,1949,petrochemicals,new,East Asia
Geracao Futuro L Par,1988,invetsments,new,Latin America
Casas Bahia,1957,retail,new,Latin America
SU-155,1954,construction,privatization,Europe
Ynna Holding,1948,hotels and supermarkets,new,Middle East/North Africa
SouFun Holdings,2012,internet,new,East Asia
House of Fraser,1849,retail,aquired,Middle East/North Africa
Braman Enterprises,1957,retail,new,North America
Pharmacyclics,1991,pharmaceuticals,aquired,North America
ATCO,1947,logistics,new,North America
Cosan,1936,ethanol,aquired,Latin America
Nanshan Group,1978,"property, textile manufacturing",new,East Asia
Essel Group,1976,media,new,South Asia
Tingyi,1991,beverages and food,new,East Asia
Andritz AG,1852,processing machinary,new,Europe
Indusgas,1998,gas,new,South Asia
Petrofac,1981,petrochemicals,new,Europe
Tod's,1920,leather,new,Europe
Geely Automobile,1986,automobiles,new,East Asia
Beijing Shiji Information Technology,1995,software,new,East Asia
FIMALAC,1991,financial services,new,Europe
SmartCenters,1990,real estate,new,North America
Bajaj Group,1926,automobiles,new,South Asia
Kinray Inc,1944,pharmaceuticals,new,North America
Jiangsu Hengrui Medicine,1970,pharmaceuticals,new,East Asia
Mayapada Group,1986,banking and real estate,new,East Asia
Triputra Group,1998,"palm oil, mining",new,East Asia
Crocus International,1998,trade fairs,new,Europe
Interbank Group,1994,banking,privatization,Latin America
Farglory Land,1969,real estate,new,East Asia
Sihuan Pharmaceutical,2001,pharmaceuticals,new,East Asia
Hunan Yongjin Group,1994,pharmaceuticals,new,East Asia
Huabao International Holdings,1990,flavorings,new,East Asia
McCaw Cellular,1987,cell phones,new,North America
Macau Legend,1997,casinos,new,East Asia
Halyk Bank,1923,banking,privatization,South Asia
Publicis Groupe,1926,advertising,new,Europe
Groupon,2008,internet companies,new,North America
TCI,1968,cable,new,North America
Check Point,1993,software,new,Middle East/North Africa
Taylor Corporation,1975,printing and electronics,aquired,North America
Highbridge Capital Management,1992,hedge funds,new,North America
Drogeriemarkt,1973,retail,new,Europe
Qualcomm,1985,software,new,North America
Banco Santander,1857,banking,new,Europe
Providence Equity Partners,1989,private equity,new,North America
Feld Entertainment,1967,entertainment,aquired,North America
Hin Leong Trading,1963,oil trading,new,East Asia
Jointown Pharmaceutical Group,1985,pharmaceuticals,new,East Asia
Helios Hospital Group,1987,hospitals,new,Europe
EMKE Group (Lulu Hypermarket),1973,groceries,new,South Asia
Cerner Corporation,1979,healthcare IT,new,North America
Financial Corporation Uralsib,1993,banking,new,Europe
EasyJet,1995,airplanes,new,Europe
RP Group,1979,construction,new,South Asia
Banamex,1884,banking,aquired,Latin America
Ashley Furniture,1970,furniture,aquired,North America
GEMS Education,1959,education,new,South Asia
Erie Indemnity,1925,insurance,new,North America
Desigual,1984,apparel retail,new,Europe
Rimbunan Hijau Group,1976,timber,new,East Asia
Jiangsu Yuyue Medical Equipment and Supply,1998,medical equipment,new,East Asia
Digital Sky Technologies (Mail.ru),1999,venture capitalist,new,Europe
China Rongsheng,2005,shipbuilding,new,East Asia
Suzhou Gold Mantis,1994,construction,new,East Asia
Alimentation Couche-Tard,1980,retail,new,North America
Dunelm,1979,furniture,new,Europe
Onex Corporation,1983,private equity,new,North America
Porto Seguro Seguros,1945,insurance,new,Latin America
Love's Travel Stops & Country Stores,1964,truck stops,new,North America
"Teleflora, Pistachios, POM, Fij",1934,agriculture,aquired,North America
Little Ceasers Pizza,1959,restaurant,new,North America
CQS,1999,hedge funds,new,North America
Central Cipta Murdaya,1988,"timber, plantations",new,East Asia
Bangkok Dusit Medical Services,1969,hospitals,new,East Asia
Eurasion natural Resources Corporation,1994,metals,new,Middle East/North Africa
Yandex,1997,internet,new,Europe
Melia Hotels International,1956,hotels,new,Europe
Wimm-Bill-Dann,1992,dairy,new,Europe
Shantou Dongfeng Printing,1983,printing,new,North America
Wuhan Guide Infrared,1999,electronics,new,East Asia
Xinhu Zhongbao,1993,real estate,new,East Asia
Russian Copper Company,1997,metals,new,Europe
Mohawk Industries,1875,flooring,aquired,North America
Daito Trust Construction,1974,real estate,new,East Asia
Seven Canberra,1958,media,aquired,North America
Booyoung Group,1983,construction,new,East Asia
Shinsegae Group,1930,electronics,subsidiary,East Asia
San'an Electronics,2000,electronics,new,East Asia
Avenue Capital Group,1995,hedge funds,new,North America
Infosys,1981,software,new,South Asia
Loro Piana,1924,clothing,new,Europe
Hunter Douglas Group,1919,architectural products,new,Europe
Gerling Konzern,1904,insurance,new,Europe
DBN Group,1994,agribusiness,new,East Asia
Jollibee,1978,restaurant,new,East Asia
Haisco Pharmaceutical Group,2000,pharmaceuticals,new,East Asia
United Energy Group,2007,oil,new,East Asia
Oetker-Gruppe,1891,retail,new,Europe
Dolce & Gabbana,1987,fashion,new,Europe
Union Bancaire Privee,1969,banking,new,Europe
RAAS,1980,pharmaceuticals,new,North America
Trian Fund Management,2005,investment banking,new,North America
Kazkhmys,1930,mining,privatization,South Asia
Trakindo Utama,1980,heavy equipment,new,East Asia
Brevan Howard Asset Management,2002,hedge funds,new,Europe
von Thurn and Taxis family,1615,"postal service, beverages",new,Europe
Clark Enterprises,1906,construction,aquired,North America
Zhejiang Kaishan Compressor,1956,air compressors,privatization,East Asia
Tiger Global Management,2000,hedge funds,new,North America
Greenlight Capital,1996,hedge funds,new,North America
Bet365,2000,gambing,new,Europe
Hankey Group,1954,"cars, finance",aquired,North America
Bosideng International,1975,apparel retail,new,East Asia
Shenzhen MTC,2005,electronics,new,East Asia
Shenzhen Aisidi,1998,retail,new,East Asia
Indianapolis Colts,1953,sports team,aquired,North America
Bluestone Industries,1971,coal,new,North America
Raley's,1935,groceries,new,North America
Banco Bozano Simonsen,1960,banking,new,Latin America
KKCG Group,1995,oil and gas,new,Europe
CJ Group,1953,"food, entertainment",subsidiary,East Asia
Moore Capital Management,1989,hedge funds,new,North America
Lodha Group,1980,real estate,new,South Asia
Gabelli Asset Management Company,1977,asset management,new,North America
Aon Corporation,1982,risk management,new,North America
Vingroup,1993,real estate,new,East Asia
InterSystems,1978,software,new,North America
Roxane,1990,bottled water,new,Europe
Kingston Financial,1992,investment,new,East Asia
Noble Group,1989,commodities,new,Europe
Duty Free Shopping,1963,retail,new,Europe
Angelini Group,1955,forestry and mining,new,Latin America
Intuit,1983,software,new,North America
Salini Impregilo,1936,construction,new,Europe
Jarislowsky Fraser Limited,1955,investment mangagment,new,North America
Advanced Info Service,1986,mobile phones,new,East Asia
MediaTek,1997,semiconductors,new,East Asia
Videocon Electronics,1979,television,new,South Asia
Berjaya Corporation Berhad,1985,gambing,privatization,East Asia
Beijing Originwater Technology,2001,sewage treatment,new,East Asia
China Lesso Group,1996,home building materials,new,East Asia
"GREE, Inc",2004,social network,new,East Asia
Obyedinennye Konditery,1998,candy,privatization,Europe
Metersbonwe Group,1986,fashion,new,East Asia
Agaoglu Group,1981,construction,new,Middle East/North Africa
Grupo Prescia (now Pandora Group),1889,"mining, banking",new,Latin America
CCR Group,1945,toll roads,new,Latin America
Shree Cement,1918,cement,new,South Asia
OAS SA,1976,construction,new,Latin America
Henkel Ag,1876,cleaning products,new,Europe
CenTra Inc.,1970,bridge to canada,aquired,North America
Farallon Capital Management,1986,hedge funds,new,North America
Gome,1987,retail,new,East Asia
Evraz,1992,steel,aquired,Europe
Grendene,1971,shoes,new,Latin America
CJSC Transmashholding,2002,locomotive manufacturing,new,Europe
Eczacibasi Holding,1942,pharmaceuticals,new,Middle East/North Africa
Evergreen Group,1961,shipping,new,East Asia
Shanda Interactive Entertainment,1999,entertainment,new,East Asia
Aurora Group,1965,real estate,new,East Asia
Frac Tech,2002,natural gas,new,North America
Caltagirone Holdings,1947,cement,aquired,Europe
Medtronic,1949,medical devices,new,North America
Petrolera Perez Companc,1968,oil,new,Latin America
Beijing Orient Landscape,1992,landscape architecture,new,East Asia
Brandstatter Group,1876,toys,new,Europe
Greater China International Investment Group,1990,real estate,new,East Asia
Pilot Flying J,1981,truck stop,new,North America
John W. Henry & Company,1981,asset management,new,North America
Tecnicas Reunidas,1960,construction,new,Europe
Banesco,1992,banking,new,Latin America
LG Group,1947,electonics,new,East Asia
China Medical Systems,1995,pharmaceuticals,new,East Asia
Saras SPA,1962,oil,new,Europe
Cukurova Holding,1923,"textiles, industrial goods, media",new,Middle East/North Africa
MNG Holding,1976,construction,new,Middle East/North Africa
Divis Laboratories,1990,pharmaceuticals,new,South Asia
Elliott Associates,1977,hedge funds,new,North America
RJ Corp,1960,soft drinks,new,South Asia
Urban Outfitters,1970,retail,new,North America
Prudential Guarantee & Assurance,1981,"insurancei, power",new,East Asia
Andrade Gutierrez,1948,construction,new,Latin America
Thomas H. Lee Partners,1974,leveraged buyout,new,North America
Benson Financial,1962,"cars, finance",new,North America
King Power Duty Free,1989,retail,new,East Asia
Odebrecht,1944,construction,new,Latin America
The Sound Group,1993,waste management,new,East Asia
MHP,1998,agriculture,aquired,Europe
Yurun Food,1993,meat products,new,East Asia
Piramel,1984,pharmaceuticals,aquired,South Asia
El Corte Ingles,1940,retail,new,Europe
Mellon,1869,"banking, oil, aluminum",new,North America
Megapolis,1998,tobacco,new,Europe
Pershing Square Capital Management,2005,hedge funds,new,North America
DZH/Shanghai Great Wisdom,2000,financial information,new,East Asia
Cablevision Industries,1956,media,new,North America
Blokker Holding,1896,retail,new,Europe
International Potassium Company (MMK),1992,fertilizers,privatization,Europe
Akwa Group,1959,oil and gas,new,Middle East/North Africa
Red McCombs Automotive Group,1953,"auto sales, energy",new,North America
Hengli Group,2002,plastics,new,East Asia
Foresight Reserves,1985,coal,new,North America
Pace Foods,1947,salsa,new,North America
Fayat,1957,construction,new,Europe
Dumbo,1979,real estate,new,North America
Moscow Domodedovo Airport.,1964,airport,privatization,Europe
Uralchem,2004,fertilizers,new,Europe
Sunbeam Television,1962,media,new,North America
Northgas,1993,oil and gas,subsidiary,Europe
Chobani,2005,yogurt,new,Middle East/North Africa
TD Ameritrade,1975,banking,new,North America
Netscape Communications Corporation,1994,software,new,North America
Hypermarcas,2001,consumer goods,new,Latin America
Konami Corporation,1969,toys,new,East Asia
Glenview Capital Management,2001,hedge funds,new,North America
Tibet Cheezheng Tibetan Medicine,1993,pharmaceuticals,new,East Asia
Aristocrat Leisure Limited,1953,gaming,new,North America
Bradesco,1943,banking,new,Latin America
Banco de Credito e Inversiones (BCI),1937,banking,new,Latin America
Michael A. Ashcroft Associates,1972,investments,new,Europe
Chalhoub Group,1955,luxury goods,new,Europe
Bulgari,1884,luxury goods,new,Europe
Tinkoff Brewery,1990,beer,new,Europe
Mattamy Homes,1978,construction,new,North America
Auto-Teile-Unger,1985,auto repair,new,Europe
Home Invest,1996,real estate,new,Europe
Silvinit,1925,fertilizers,privatization,Europe
CPI,1997,real estate,aquired,Europe
Manipal Education & Medical Group,1953,education,new,South Asia
Moncler,1954,winter jackets,aquired,Europe
Chilton Investment Company,1992,investment banking,new,North America
Yuengling,1829,beer,new,North America
Credit Bank of Moscow,1994,banking,new,Europe
Eliyahu Insurance Company,1955,insurance,new,Middle East/North Africa
Don Quijote,1980,retail,new,East Asia
Mechel AOA,2003,"mining, steel",new,Europe
Avtotor Holding,1996,automobiles,new,Europe
Beijing Xinwei Telecom Technology,1995,telecom,new,East Asia
Ningbo Yinyi Group,1994,real estate,new,East Asia
Russia bank,1990,banking,new,Europe
Panda Express,1973,restaurant,new,North America
Nordstrom,1901,retail,new,North America
Katherine Werke AG,1919,antennas,new,Europe
Shutterstock,2003,internet company,new,North America
Wynn Resorts,1973,casinos,new,East Asia
BTS Skytrain,1992,mass transit,new,East Asia
Orion Corp.,1956,snack foods,new,East Asia
Liye Group,1995,investments,new,East Asia
Zulily,2010,e-commerce,new,North America
Finstar Financial Group,1995,retail,new,Europe
Western Refining,1997,oil refining,new,North America
Penske Racing,1965,automobiles,new,North America
Ford Motor Company,1903,automobiles,new,North America
Nitori,1967,home furnishings,new,East Asia
Altarea Cogedim,1994,real estate,new,Europe
Allan Gray,1973,asset management,new,Sub-Saharan Africa
VTech Holding,1976,electronics,new,East Asia
Open Joint Stock Company,1993,real estate,privatization,Europe
Greylock Partners,1965,venture capitalist,new,North America
Outdoor Systems,1947,advertising,new,North America
Bharat Forge,1961,auto components,new,South Asia
Delta Electronics,1971,electronics,new,East Asia
Brunello Cucinelli,1978,fashion,new,Europe
Inguatemi Empresa de Shopping Centers,1966,shopping centers,new,Latin America
Air Eye Hospital Group,0,hospitals,new,East Asia
Hopson Development,1992,real estate,new,East Asia
Ciputra Development,1961,real estate,new,East Asia
Dimensional Fund Advisors,1981,asset management,new,North America
Sainsbury's,1869,groceries,new,Europe
Assore Group,1928,mining,new,Sub-Saharan Africa
Inner Mongolia Junzhen Energy and Chemical Industry,2003,chemicals,new,East Asia
Dick's Sporting Goods,1948,retail,new,North America
WEG,1961,electronics,new,Latin America
Cyrela Brazil Realty,1962,real estate,new,Latin America
Kharafi Group,1956,diversified investments,new,Middle East/North Africa
Station Casinos,1976,entertainment,new,North America
Manga International,1956,automotive parts,new,North America
Mercury General,1961,insurance,new,North America
Swarovski,1895,luxury goods,new,Europe
CMA CGM,1978,shipping,new,Europe
Kinetic Concepts (KCI),1976,medical devices,new,North America
Shanghai Pengxin Group,1997,real estate,new,East Asia
Rede D'Or,1977,hospitals,new,Latin America
Multiplan,1975,shopping centers,new,Latin America
Excel Communications,1988,telecomm,new,North America
Naspers,1985,media,new,Sub-Saharan Africa
Lee Kum Kee,1888,food,new,East Asia
Africa-Israel,1934,diamonds,aquired,Middle East/North Africa
Bayan Resources,1973,coal,new,East Asia
MFP Investors,2001,hedge funds,new,North America
Palmali Group,1998,shipping,new,Middle East/North Africa
BIM,1995,retail,new,Middle East/North Africa
Zhongrong Group,1992,real estate,new,East Asia
GoPro,2002,cameras,new,North America
Logan Property Holdings,1996,real estate,new,East Asia
Apollo Group,1973,education,new,North America
Roshen Gropu,1993,confectionary,privatization,Europe
L'Occitane,1976,cosmetics,aquired,Europe
Industrias CH,1991,steel,new,Latin America
ECI Telecom,1961,technology,aquired,Middle East/North Africa
Jones Apparel Group,1970,apparel,new,North America
Aspen Pharmacare,1997,pharmaceuticals,new,Sub-Saharan Africa
Ningbo Cixing,2003,sewing machines,new,East Asia
InTouch,1983,telecom,new,East Asia
Sandell Asset Management Corp,1988,hedge funds,new,Europe
Rusagro,1995,aigriculture,new,Europe
The Seventh Continent,1993,retail,new,Europe
Emil Frey Group,1926,automotives,new,Europe
Yonyou Software,1988,software,new,East Asia
Regions Group,2004,real estate,new,Europe
Nexon,1994,online gaming,new,East Asia
Slaight Communications,1971,broadcasting,aquired,North America
Douja Promotion Groupe Addoha,1988,real estate,new,Middle East/North Africa
Asian Paints,1942,paint,new,South Asia
Alghanim Industries,1932,diversified investments,new,Middle East/North Africa
NagaCorp,1995,casinos,new,East Asia
Shell Oil,1921,oil and gas,new,North America
Winton Capital Management,1997,investment mangagment,new,Europe
Zhongsheng Group,1998,automobile dealers,new,East Asia
Sisley Cosmetics,1976,cosmetics,new,Europe
Energy Standard Group,1990,power engineering,new,Europe
Baupost Group,1982,investment mangagment,new,North America
Benesse Corporation,1955,publishing,new,East Asia
Longjitaihe,1995,real estate,new,East Asia
Zozotown,2004,e-commerce,new,East Asia
BUA Group,1988,"sugar, flour, cement",new,Sub-Saharan Africa
Zorlu Holding,1953,textiles,new,Middle East/North Africa
Brembo SpA,1961,braking systems,new,Europe
Laboratorios Roemmers,1921,pharmaceuticals,new,Latin America
Eurasia Drilling Company,1991,oil,subsidiary,Europe
N-Trans,1996,infrastructure,new,Europe
Royal Group Holdings,1947,real estate,new,East Asia
William Grant and Sons,1887,alcohol,new,Europe
Comcast,1969,media,new,North America
Publix Super Markets,1930,groceries,new,North America
Fuyao Glass Industry Group,1987,auto glass,new,East Asia
Hankook Tire,1941,tire manufacturing,new,East Asia
Trafigura Beheer BV,1993,commodity trading,new,Europe
Snyder Communications,1988,advertising,new,North America
The DeBartolo Corporation,1944,real estate,new,North America
Hallmark Cards,1910,greeting cards,new,North America
Vicuna Group,1967,steel,new,Latin America
Far Eastern Group,1940,textiles,new,East Asia
Dropbox,2007,internet company,new,North America
Astra International,1957,automotive,new,East Asia
Valve Corporation,1996,video games,new,North America
Harvey Norman,1982,retail,new,North America
Eurofins Scientific,1988,laboratory services,new,Europe
MNC Group,1989,media,aquired,East Asia
Star River Goup,1996,real estate,new,East Asia
InterAgro,1995,aigriculture,new,Europe
Trendy Internation Group,1999,apparel,new,Latin America
Vicat,1853,cement,new,Europe
Ineos,1998,chemicals,new,Europe
Fragrance Group,1993,real estate,new,East Asia
Ferrexpo,1960,iron,privatization,Europe
The Walker Group,1972,real estate,new,North America
Buckeridge Group of Companies,1960,construction,new,North America
Shenzhen Hepalink Pharmaceutical,1998,pharmaceuticals,new,East Asia
GMK Holding,1991,"copper, poultry",new,East Asia
Loma Negra,1926,cement,new,Latin America
Regus,1989,business centers,new,Europe
CDW Corporation,1984,retail,new,North America
Kalpataru Group,1969,real estate,new,South Asia
MB Holding,1982,oil,new,Middle East/North Africa
SapuraKencana,1975,oil and gas,new,East Asia
Agis Industries,1983,pharmaceuticals,new,Middle East/North Africa
Chint Group,1984,electricity,new,East Asia
Maxi Group,2004,mettallurgy,new,Europe
Firestar International,1999,diamond jewelry,new,South Asia
Lupin,1968,pharmaceuticals,new,South Asia
OSIM International,1980,retail,new,East Asia
Tim Hortons,1967,restaurant,new,North America
MRV Engenharia,1979,construction,new,Latin America
AOL,1985,internet company,new,North America
Near East University,1988,education,new,Europe
Hefei Meiya Optoelectronic Technology,1990,measuring instruments,new,East Asia
Lancing Motor,0,motorcycles,new,East Asia
World Wrestling Entertainment (WWE),1952,wrestling promotion,new,North America
First Reserve Corporation,1983,private equity,new,North America
Man Wah Holdings,1992,furniture,new,East Asia
Renhe Commercial Holdings,2007,real estate,new,Europe
New Oriental Education and Technology Group,1993,education,new,East Asia
Guangdong Dongyangguang Aluminum,1993,aluminum,privatization,East Asia
Yanlord Land Group,1993,real estate,new,East Asia
Summa Group,2004,"ports, gas",new,Europe
Obrazovanie,1991,real estate,new,Europe
Itausa Investimentos Itau SA,1966,banking,new,Latin America
Perm Financial Industrial Group (PFIG),1991,telecom,new,Europe
Bhushan Steel,1987,steel,new,South Asia
Ultrapar,1930,"gas, petrochemicals",new,Latin America
Dijaya,1990,real estate,new,East Asia
Hochschild Mining,1911,mining,new,Latin America
Parcel Trade,1959,shipping,new,Europe
Baylinter Marine Corp,1955,boats,new,North America
Naver,1999,internet company,new,East Asia
Kangmei Pharmaceutical,1998,pharmaceuticals,new,East Asia
Constantia,1969,manufacturing,new,Europe
Fuyuan Group,0,real estate,new,East Asia
MSC Direct,1941,industrial equipment,new,North America
Pruksa Real Estate,1993,real estate,new,East Asia
Shandong Landbridge Group,1992,port logistics,new,East Asia
Calik Holding,1981,textiles,new,Middle East/North Africa
TAIF Group,1995,oil,new,Europe
Emperor Group,1964,watch retail,new,East Asia
IBE Trade,1987,fertilizers,aquired,North America
A. G. Spanos Companies,1960,real estate,new,North America
Spectrolab,1956,software,new,North America
Indorama Ventures,1988,polymers,new,East Asia
United Metallurigcal Company,1999,pipes,new,Europe
RAO UES,1991,investments,aquired,Europe
Dogan Holding,1961,media,new,Middle East/North Africa
Chaudhary Group,1970,retail,new,South Asia
Brades Investment Partners,1974,investment banking,new,North America
Hotel 81,1996,hotels,new,East Asia
Buckle,1948,apparel,new,North America
Affiliated Computer Services,1988,software,new,North America
Rede Record,1953,media,aquired,Latin America
Runicom S.A,1990,oil,new,North America
Fangda International Industrial Investment?,2002,mining,new,East Asia
Silverlake Axis,1989,software,new,East Asia
Hopewell Holdings,1972,infrastructure,new,East Asia
Sammy Corporation,1975,entertainment,new,East Asia
Wings Group,1950,laundry soap,new,East Asia
Admiral Group,1993,insurance,new,North America
China Grand Pharmaceutical,2005,pharmaceuticals,new,East Asia
Guangdong Liantai Group,1993,construction,new,East Asia
MGA Entertainment,1979,toys,new,North America
Plastic Omnium,1957,plastic,new,Europe
Guizhou Bailing Group Pharmaceutical,2005,pharmaceuticals,new,East Asia
Huntsman chemical,1982,chemicals,new,North America
Arcelor,1902,steel,new,Europe
J Mendes,1966,iron ore,new,Latin America
Koch Foods,1985,meat processing,aquired,North America
Yanbal Internacional,1967,cosmetics,new,Latin America
Xiamen Hengxing group,1994,"mining, investments",new,East Asia
Sonalika Group,1969,tractors,new,South Asia
Biostime International Holdings,1999,infant formula,new,East Asia
Iberville Developments,1958,real estate,new,North America
Zynga,2007,online gaming,new,North America
"Steinhardt, Fine, Berkowitz & Co",1967,hedge funds,new,North America
Celtel,1998,telecom,new,Europe
RESO-Garantiya,1991,insurance,new,Europe
Suntory,1899,brewery,new,East Asia
Mirae Asset,1997,asset management,new,East Asia
Sobha Developers,1995,real estate,new,Middle East/North Africa
Duyiwei Biological Pharmaceutical,2001,pharmaceuticals,new,East Asia
Occidental Petroleum,1920,oil,new,North America
Discovery Capital Management,1999,hedge funds,new,North America
Leda Holdings,1976,construction,new,North America
Save Mart,1952,groceries,new,North America
Yug Rusi,1992,agriculture,new,Europe
Shagang Group,1975,steel,new,East Asia
Premier Investments,0,retail,new,North America
Ruparelia Group,1985,banking,new,Sub-Saharan Africa
Straumann Group,1954,dental implants,new,Europe
Columbia Sportswear,1938,apparel,new,North America
Jose Rodriguez Banda,1967,milk,new,Latin America
Zall Development of Wuhan,2005,real estate,new,East Asia
Cipla,1935,pharmaceuticals,new,South Asia
Suning Universal,1990,real estate,new,East Asia
AHL,1913,entertainment,new,North America
New Century Group,0,hotels,,East Asia
Sanquan Food,1992,food,new,East Asia
Nine Dragons Paper,1995,paper,new,East Asia
Children's Investment Fund,2003,hedge funds,new,Europe
Specsavers,1984,eyeglasses,new,North America
Grupo Abril,1950,media,new,Latin America
Palfinger AG,1932,cranes,new,Europe
Morgaurd,1975,real estate,new,North America
NCSOFT,1997,online gaming,new,East Asia
Sichuan Kelun Pharmaceutical,1996,pharmaceuticals,new,East Asia
Promise Consumer Finance,1962,finance,new,East Asia
Sunac China Holdings,1994,real estate,new,North America
Eicher Motors,1948,automobiles,new,South Asia
Luxshare Precision Industry,2004,electonics components,new,East Asia
Ourpalm,2004,software,new,East Asia
Paz oil company,1922,oil,new,Middle East/North Africa
Scandinavia Fund,1980,investment,aquired,Europe
Hualan Biological Engineering,1992,pharmaceuticals,new,East Asia
Filinvest Development Corporation,1955,real estate,new,East Asia
Wright Prospecting,1955,mining,new,North America
Ipsen,1929,pharmaceuticals,new,Europe
New Medical Centre,1975,hospitals,new,South Asia
Linak,1907,linear actuators,new,Europe
O1 Properties,2010,real estate,new,Europe
King Street Capital Management,1995,hedge funds,new,North America
Boston Beer Company,1984,beer,new,North America
Wizard language Schools,1987,education,new,Latin America
Kyowon Co,1985,education,new,East Asia
Tory Burch LLC,2004,fashion,new,North America
Milek (now CCC),1989,shoes,new,Europe
Anta Sports,1994,sportswear,new,East Asia
China SCE Property Holdings Limited,1966,real estate,new,East Asia
Mega-Auto,1993,auto retail,new,Europe
Inteco,1991,construction,new,Europe
ASTROC,1982,real estate,new,Europe
Hailiang Group,1989,copper,new,East Asia
Newegg.com,2001,e-commerce,new,North America
Macrolink Group,1990,investments,new,East Asia
DFS,1983,retail,aquired,Europe
Techtronic Industries,1985,manufacturing,new,Europe
China Kingho,1996,coal,new,East Asia
Virbac,1968,pharmaceuticals,new,Europe
Crown Worldwide Group,1965,relocation services,new,North America
Embassy Property Developments,1993,real estate,new,South Asia
Cisco Systems,1984,software,new,North America
TeleTech,1982,software,new,North America
One Times Square,1980,real estate,new,North America
Regeneron Pharmaceuicals,1988,pharmaceuticals,new,North America
Shandong Denghai Seeds,1989,agriculture,new,East Asia
Rongsheng Petrochemical,1995,petrochemicals,new,East Asia
Bumitama Agri,1996,palm oil,new,East Asia
Pxmart,1998,retail,privatization,East Asia
Autonomy Corporation,1996,software,new,Europe
E4 Group,2006,engineering,new,Europe
Verlagsgruppe Holtzbrinck,1948,publishing,new,Europe
Amdocs,1982,software,new,Middle East/North Africa
Turkcell,1993,telecom,new,Middle East/North Africa
VP Group,1992,retail,new,Europe
Motoinvest,1995,hostile takeovers,new,Europe
Harbinger Capital,2001,hedge funds,new,North America
Inghams Enterprises,1918,agriculture,new,North America
Vodacom Tanzania,1999,telecom,subsidiary,Sub-Saharan Africa
Relativity Media,2004,film,new,North America
Spanx,2000,apparel,new,North America
Celltrion,2002,biotech,new,East Asia
Rolf Group,1990,auto retail,new,Europe
Military Insurance Company (VSK),1992,insurance,new,Europe
PrivatBank,1992,banking,new,Europe
Taisho Pharmaceutical,1912,pharmaceuticals,new,East Asia
Kalyan Jewellers,1993,jewelry,new,South Asia
Janus Capital Group,1969,mutual funds,new,North America
Apex Silver Mines,1993,metals,new,North America
Samvardhana Motherson Group,1986,auto parts,new,North America
Ningo Joyson Electric,2004,auto parts,new,East Asia
China ZhengTong Auto Services,1999,auto retail,new,East Asia
Xiwang Group,1986,food sweeteners,new,East Asia
Moncrief Oil,1929,oil,new,North America
Blue Ray Corp,0,real estate,new,East Asia
Patria Finance,1994,coal,new,Europe
Furen Pharmaceutical Group,1999,pharmaceuticals,new,East Asia
