Bill Gates,USA,Microsoft,founder,male
Carlos Slim Helu,MEX,Telmex,founder,male
Amancio Ortega,ESP,Zara,founder,male
Warren Buffett,USA,Berkshire Hathaway,founder,male
Larry Ellison,USA,Oracle,founder,male
Charles Koch,USA,Koch industries,relation,male
David Koch,USA,Koch industries,relation,male
Sheldon Adelson,USA,Las Vegas Sands,founder,male
Christy Walton,USA,Walmart,relation,female
Jim Walton,USA,Walmart,relation,male
Liliane Bettencourt,FRA,L'Oreal,relation,female
Stefan Persson,SWE, H&M,relation,male
Alice Walton,USA,Walmart,relation,female
S. Robson Walton,USA,Walmart,relation,male
Bernard Arnault,FRA,LVMH,founder,male
Michael Bloomberg,USA,Bloomberg,founder,male
Larry Page,USA,Google,founder,male
Jeff Bezos,USA,Amazon,founder,male
Sergey Brin,USA,Google,founder,male
Li Ka-shing,HKG,Cheung Kong,founder,male
Mark Zuckerberg,USA, Facebook,founder,male
Michele Ferrero,ITA,Ferrero spa,relation,male
Aliko Dangote,NGA,Dangote Group,founder and CEO,male
Karl Albrecht,DEU,Aldi Sud,relation,male
Carl Icahn,USA,Icahn Enterprises,founder,male
George Soros,USA,Soros Fund Management,founder,male
David Thomson,CAN,Thomson Corporation (now Thomson Reuters),relation,male
Lui Che Woo,HKG,K. Wah Group,founder/chairman,male
Dieter Schwarz,DEU,Schwarz Group,relation,male
Prince Alwaleed Bin Talal Alsaud,SAU,Kingdom Holding Company,founder,male
"Forrest Mars, Jr.",USA,"Mars, Incorperated",relation,male
Jacqueline Mars,USA,"Mars, Incorperated",relation,female
John Mars,USA,"Mars, Incorperated",relation,male
Jorge Paulo Lemann,BRA,Ambev,founder,male
Lee Shau Kee,HKG,Henderson Land Development,founder/chairman,male
Steve Ballmer,USA,Microsoft,CEO,male
"Theo Albrecht, Jr.",DEU,Aldi Nord,Relation,male
Leonardo Del Vecchio,ITA,?Luxottica,founder,male
Len Blavatnik,USA,Renova Group,founder,male
Alisher Usmanov,RUS,Metalloinvest,founder,male
Mukesh Ambani,IND,Reliance,relation,male
Masayoshi Son,JPN,Softbank,founder/CEO,male
Michael Otto,DEU,Otto Group,relation,male
Phil Knight,USA,Nike,founder,male
Tadashi Yanai,JPN,Fast Retailing/Uniqlo,founder,male
Gina Rinehart,AUS,Hancock Prospecting,relation,female
Mikhail Fridman,RUS,Alfa Group,founder,male
Michael Dell,USA,Dell,founder,male
Susanne Klatten,DEU,BMW,relation,female
Abigail Johnson,USA,Fidelity Investments,relation,female
Viktor Vekselberg,RUS,Renova Group,founder,male
Lakshmi Mittal,IND,ArcelorMittal,founder,male
Vladimir Lisin,RUS,NLMK,owner,male
Cheng Yu-tung,HKG,Chow Tai Fook Enterprises,relation,male
Joseph Safra,BRA,Banco Safra (now Saftra Group),founder,male
Paul Allen,USA,Microsoft,founder,male
Leonid Mikhelson,RUS,Novatek,chairman of management committee,male
Anne Cox Chambers,USA,Cox Enterprises,relation,female
Francois Pinault,FRA,"Pinault-Printemps-Redoute (PPR), now known as Kering",founder,male
Iris Fontbona,CHL,Antofagasta PLC,relation,female
Azim Premji,IND,Wipro Limited,relation,male
Gennady Timchenko,RUS,Gunvor Group,founder,male
Mohammad Al Amoudi,SAU,MIDROC,founder,male
Wang Jianlin,CHN,Dalian Wanda Group,founder,male
Charles Ergen,USA,dish networtk,founder,male
Stefan Quandt,DEU,BMW,relation,male
German Larrea Mota Velasco,MEX,Grupo Mexio,founder,male
Harold Hamm,USA,Continental Resources,founder,male
Donald Bren,USA,Irvine Company,owner,male
Ray Dalio,USA,Bridgewater Associates,founder,male
Georg Schaeffler,DEU,Schaeffler Group,relation,male
Luis Carlos Sarmiento,COL,"Grupo Aval Acciones y Valores, SA",founder,male
Laurene Powell Jobs,USA,Apple,relation,female
Ronald Perelman,USA,MacAnderws and Forbes Holdings,founder,male
Serge Dassault,FRA,Dassault Group,relation,male
John Fredriksen,CYP,Frontline Ltd.,founder,male
Vagit Alekperov,RUS,Lukoil,founder,male
John Paulson,USA,Paulson & Co.,founder,male
Rupert Murdoch,USA,News Limited,relation,male
Ma Huateng,CHN,Tencent,founder,male
Gerald Cavendish Grosvenor,GBR,Grosvenor Group,relation,male
Dilip Shanghvi,IND,Sun Pharmaceutical Industries,founder,male
Jack Taylor,USA,Enterprise,founder,male
Johanna Quandt,DEU,BMW,relation,female
Pallonji Mistry,IRL,?Shapoorji Pallonji Group,Relation,male
Thomas and Raymond Kwok,HKG,Sun Hung Kai Properties,Relation,male
Vladimir Potanin,RUS,Interros,founder,male
James Simons,USA,Renaissance Technologies,founder,male
Rinat Akhmetov,UKR,System Capital Management Group,founder,male
Alberto Bailleres Gonzalez,MEX,Penoles,relation,male
Robin Li,CHN,Baidu,founder,male
Ernesto Bertarelli,CHE,Serono,relation,male
Hans Rausing,SWE,Tetra Pak,relation,male
Zong Qinghou,CHN,Hangzhou Wahaha Group,founder,male
David & Simon Reuben,GBR,Trans-World Metals,founder,male
Robert Kuok,MYS,Shangri-La Hotels,founder,male
Andrey Melnichenko,RUS,MDM Bank,founder,male
Dhanin Chearavanont,THA,Charoen Pokphand (CP Group),relation,male
Henry Sy,PHL,SM Malls,founder,male
Ananda Krishnan,MYS,Usaha Tegas Sdn Bhd,founder,male
German Khan,RUS,Alfa Group,founder,male
Alejandro Santo Domingo Davila,COL,Santo Domingo Group,relation,male
Lee Kun-Hee,KOR,Samsung,relation,male
Miuccia Prada,ITA,Prada,relation,female
Shiv Nadar,IND,HCL,founder,male
Petr Kellner,CZE,PPF (Prvn? privatizacn? fond),founder,male
Robert & Philip Ng,SGP,Sino Group,relation,male
Steve Cohen,USA,SAC Capital Advisors,founder,male
Andrew Beal,USA,Beal Bank,founder,male
Mikhail Prokhorov,RUS,Norilsk Nickel,owner,male
Alexei Mordashov,RUS,Severstal,general director,male
Hansjoerg Wyss,CHE,Synthes USA,founder/CEO,male
Charlene de Carvalho-Heineken,NLD,Heineken International,relation,female
Klaus-Michael Kuehne,DEU,Kuhne + Nagel,relation,male
Philip Anschutz,USA,Circle A Drilling,investor,male
Stefano Pessina,ITA,Alliance Boots,relation,male
Li Hejun,CHN,Hanergy Solar,founder/chairman,male
Sergei Galitsky,RUS,Magnit,founder,male
Kjeld Kirk Kristiansen,DEN,Lego,relation,male
Marcel Herrmann Telles,BRA,Ambev,founder,male
Charles Butt,USA,H-E-B supermarket,relation,male
Carrie Perrodo,FRA,Perenco,relation,female
David Tepper,USA,Appaloosa Management,founder,male
George Kaiser,USA,Kaiser-Francis Oil Company,relation,male
Hinduja Brothers,GBR,Hinduja Group,relation,male
Jack Ma,CHN,Alibaba group,founder,male
Patrick Soon-Shiong,USA,American Pharmaceutical Partners ,founder,male
Stephen Schwarzman,USA,Blackstone Group,founder,male
Giorgio Armani,ITA,Armani,founder,male
Richard Kinder,USA,Kinder Morgan Energy Partners,founder,male
Tsai Eng-Meng,Taiwan,Want Want China,relation,male
"Edward Johnson, III.",USA,Fidelity Investments,relation,male
Eric Schmidt,USA,google,executive chairman,male
Hiroshi Mikitani,JPN,Rakuten,founder,male
"Samuel Newhouse, Jr.",USA,Advance Publications,relation,male
Dietrich Mateschitz,AUT,Red Bull,founder,male
Joao Roberto Marinho,BRA,Globo Organizations,relation,male
Jose Roberto Marinho,BRA,Globo Organizations,relation,male
Roberto Marinho,BRA,Globo Organizations,relation,male
Roman Abramovich,RUS,Millhouse LLC,founder,male
Alain Wertheimer,FRA,Chanel,relation,male
Charoen Sirivadhanabhakdi,THA,ThaiBev,founder,male
Gerard Wertheimer,FRA,Chanel,relation,male
Silvio Berlusconi,ITA,Fininvest,founder,male
Vladimir Yevtushenkov,RUS,Sistema/Sitronics,Chairman/founder,male
Carlos Alberto Sicupira,BRA,Ambev,founder,male
Alexei Kuzmichev,RUS,Alfa Group,founder,male
Dmitry Rybolovlev,RUS,Uralkali,owner,male
Elaine Marshall,USA,Koch industries,relation,female
Hasso Plattner,DEU,SAP AG,founder,male
Thomas Peterffy,USA,Interactive Brokers,"founder, chairman, ceo",male
Ludwig Merckle,DEU,Ratiopharm,relation,male
Antonia Johnson,SWE,Axel Johnson Group,relation,female
Donald Newhouse,USA,Advance Publications,relation,male
Galen Weston,CAN,George Weston Limited,relation,male
Hank & Doug Meijer,USA,Meijer,relation,male
Michael Kadoorie,HKG,CLP Holdings,relation,male
Elon Musk,USA,"Paypal, SpaceX, Tesla Motors",investor/founder,male
Joseph Lau,HKG,Chinese Estates Holdings,founder,male
August von Finck,DEU,"Allianz, Merk Finck & Co",relation,male
Ricardo Salinas Pliego,MEX,Grupo Salinas/Group Elektra,relation,male
Andrei Skoch,RUS,Metallionvest,partner,male
Pierre Omidyar,USA,Ebay,founder and chairman,male
Xavier Niel,FRA,Iliad,founder,male
Margarita Louis-Dreyfus,CHE,Louis-Dreyfus Goup,relation,female
Pierre Castel,FRA,Goupe Castel,founder,male
Emmanuel Besnier,FRA,Lactalis,relation,male
Blair Parry-Okeden,USA,Cox Enterprises,relation,female
David Duffield,USA,PeopleSoft,founder,male
Jean-Claude Decaux,FRA,JCDecaux,founder,male
Jim Kennedy,USA,Cox Enterprises,relation,male
Reinhold Wuerth,DEU,Adolf Wurth Group,relation,male
Jacques Servier,FRA,Laboratories Servier,founder,male
Johann Rupert,ZAF,Rembrandt Group,relation,male
R Budi Hartono,IDN,Djarum,relation,male
Tsai Wan-Tsai,Taiwan,Fubon Financial holding Company,founder,male
Charles Johnson,USA,Franklin Resources,relation,male
James Goodnight,USA,SAS institute,founder,male
John Malone,USA,Tele-Communications Inc,CEO,male
"John Menard, Jr.",USA,Menards,founder,male
Klaus Tschira,DEU,SAP AG,founder,male
Leonard Lauder,USA,Est?Lauder,relation,male
Vincent Bollore,FRA,Bollore,relation,male
Jim Pattison,CAN,Jim Pattison Group,founder CEO owner,male
Michael Hartono,IDN,Djarum,relation,male
Augusto & Giorgio Perfetti,ITA,Perfetti Van Melle,relation,male
Heinz Hermann Thiele,DEU,Knorr-Bremse AG,Chairman/shareholder,male
Johann Graf,AUT,Novomatic Automatenhandels AG,founder,male
Peter Woo,HKG,Worldwide Shipping Group,relation,male
He Xiangjian,CHN,Midea,founder,male
Dietmar Hopp,DEU,SAP AG,founder,male
Eyal Ofer,ISR,Zodiac Maritime Agencies,relation,male
Graeme Hart,NZL,Rank Group,founder,male
Kumar Birla,IND,Aditya Birla Group,relation,male
Ralph Lauren,USA,Ralph Lauren,founder,male
Charles Cadogan,GBR,Cadogan Estates,relation,male
Eli Broad,USA,"Kaufman and Broad, SunAmerica",founder,male
Richard DeVos,USA,Amway,founder,male
Suleiman Kerimov,RUS,Gazprom,investor,male
Wei Jianjun,CHN,Great Wall Motors,chairman,male
Yang Huiyan,CHN,Country Garden Holdings,relation,female
Chung Mong-Koo,KOR,Hyundai,relation,male
Dustin Moskovitz,USA,Facebook,founder,male
Jan Koum,USA,WhatsApp,founder,male
Nassef Sawiris,FIN,Orascom,relation,male
Nicky Oppenheimer,ZAF,De Beers,relation,male
Takemitsu Takizaki,JPN,Keyence,founder,male
James Packer,AUS,Consolidated Press Holdings Limited,relation,male
Leonid Fedun,RUS,Lukoil,Vice President,male
Micky Arison,USA,Carnival Corporation,relation,male
Oleg Deripaska,RUS,SibAl,founder,male
Eva Gonda Rivera,MEX,FEMSA,relation,female
Pansy Ho,HKG,Sociedade de Turismo e Divers?es de Macau,relation,female
Quek Leng Chan,MYS,Hong Leong Financial Group,founder,male
Dannine Avara,USA,Enterprise Products,relation,female
"Herbert Kohler, Jr.",USA,Kohler Company,relation,male
Ivan Glasenberg,AUS,Glencore Xstrata,CEO,male
Milane Frantz,USA,Enterprise Products,relation,female
Paolo & Gianfelice Mario Rocca,ITA,Techint,relation,male
Patrick Drahi,FRA,Altice,founder,male
Randa Williams,USA,Enterprise Products,relation,female
Scott Duncan,USA,Enterprise Products,relation,male
"Rupert Johnson, Jr.",USA,Franklin Resources,relation,male
S. Truett Cathy,USA,Chick-fil-A,founder,male
Sumner Redstone,USA,National Amusements,relation,male
David Geffen,USA,Asylum Records/Geffen Records/Dreamworks,founder,male
Iskander Makhmudov,RUS,Ural Mining and Metallurgical Company,founder,male
Lucio Tan,PHL,Asia Brewery,founder,male
Pyotr Aven,RUS,Alfa Group,chairman of the board,male
Richard LeFrak,USA,LeFrack ,relation,male
Sandra Ortega Mera,ESP,Zara,relation,female
"Thomas Frist, Jr.",USA,Hostpital Corporation of America,founder/relation,male
Chan Laiwa,CHN,Fuwah International Group,founder,female
Denis O'Brien,IRL,Estat Digiphone (O2),founder,male
Filaret Galchev,RUS,Rosuglesbyt,founder,male
Ira Rennert,USA,Renco,founder,male
James Irving,CAN,J.D. Irving,relation,male
Patrizio Bertelli,ITA,Prada,relation,male
Charles Schwab,USA,Charles Schwab Corporation,founder,male
Dennis Washington,USA,Washington Companies,founder,male
Gayle Cook,USA,Cook Group,founder,female
Leon Black,USA,Apollo Global management,founder,male
Hui Ka Yan,CHN,Evergrande Group,chairman,male
Hui Wing Mau,HKG,Shimao Property,founder,male
Idan Ofer,ISR,Zodiac Maritime Agencies,relation,male
Isak Andic,ESP,Mango,founder,male
Jorn Rausing,SWE,Tetra Pak,relation,male
Leslie Wexner,USA,Limited Brands,founder,male
Patrick McGovern,USA,International Data Goup,founder,male
Sunil Mittal,IND,Bharti Enterprises,founder,male
Ray Lee Hunt,USA,Hunt Oil. Co,relation,male
Stanley Kroenke,USA,Kroenke Sports Enterprises,founder,male
Teh Hong Piow,MYS,Public Bank,founder,male
Arthur Irving,CAN,Irving Oil,relation,male
Bruno Schroder,GBR,Schroders,relation,male
Carlos and Alejandro Bulgheroni,ARG,Bridas Energy,relation,male
Jeffery Hildebrand,USA,Hilcorp Energy Company,founder,male
Liu Yongxing,CHN,East Hope Group,founder,male
Michael Ashley,GBR,Sports Direct,founder,male
Thomas Schmidheiny,CHE,Holcim,relation,male
Melker Schorling,SWE,Melker Schorling AB (MSAB),founder,male
Sergei Popov,RUS,MDM Bank,founder/vice chairman,male
Stephen Ross,USA,The Related Companies,founder,male
Terry Gou,Taiwan,Foxconn,founder,male
Americo Amorim,PRT,Corticeira Amorim,relation,male
Anders Holch Povlsen,DEN,Bestseller,relation,male
Stef Wertheimer,ISR,ISCAR,founder,male
Andrew Forrest,AUS,Fortescue Metals Group,Chairman,male
Bidzina Ivanishvili,GEO,Rossiysky Kredit,founder,male
Karl-Heinz Kipp,DEU,Massa,founder,male
Ken Griffin,USA,Citadel LLC,founder,male
Kwee brothers,SGP,Pontiac Land,relation,male
Maria Asuncion Aramburuzabala,MEX,Grupo Modelo,relation,female
Wee Cho Yaw,SGP,United Overseas Bank,relation,male
Finn Rausing,SWE,Tetra Pak,relation,male
Jacqueline Desmarais,CAN,Power Corporation of Canada,relation,female
Kirsten Rausing,SWE,Tetra Pak,relation,female
Anil Ambani,IND,Reliance,relation,male
Antonio Del Valle Ruiz,MEX,Mexichem,Honorary President for Life,male
Bruce Halle,USA,Discount Tire,founder,male
David Green,USA,Hobby Lobby,founder,male
Frederik Paulsen,SWE,Ferring Pharmaceuticals,relation,male
George Roberts,USA,Kohlberg Kravis Roberts,founder,male
Gordon Moore,USA,Intel ,founder,male
Harry Triguboff,AUS,Meriton,founder,male
Henry Kravis,USA,Kohlberg Kravis Roberts,founder,male
Joe Lewis,GBR,Tavistock Group,founder,male
Micky Jagtiani,IND,Landmark Group,founder,male
Richard Branson,GBR,Virgin Group,founder,male
Stein Erik Hagen,NOR,RIMI,founder,male
Walter Kwok,HKG,Sun Hung Kai Properties,relation,male
Albert Frere,BEL,Groupe Bruxelles Lambert,founder,male
Cyrus Poonawalla,IND,Serum Institute of India,founder,male
Erivan Haub,DEU,Tenglemann Group,relation,male
Frits Goldschmeding,NLD,Randstad,founder,male
George Lucas,USA,Lucasfilm,founder,male
Heinz-Horst Deichmann,DEU,Heinrich Deichmann-Schuhe,relation,male
Kunio Busujima,JPN,Sankyo,founder,male
Robert Rowling,USA,Tana Exploration Company,relation,male
Savitri Jindal,IND,O.P. Jindal Group,relation,female
Shashi and Ravi Ruia,IND,Essar Group,founder,male
Abdulla bin Ahmad Al Ghurair,ARE,Al-Ghurair Group,relation,male
Ann Walton Kroenke,USA,Walmart,relation,female
Bruce Kovner,USA,Caxton Associates,founder,male
Daniel Ziff,USA,Ziff Davis Inc,relation,male
Dirk Ziff,USA,Ziff Davis Inc,relation,male
Gwendolyn Sontheim Meyer,USA,Cargill,relation,female
Juan Roig,ESP,Mercadona,relation,male
Karl Wlaschek,AUT,BILLA,founder,male
Laurence Graff,GBR,Graff Diamonds,founder,male
Liselott Persson,SWE, H&M,inherited,female
Pauline MacMillan Keinath,USA,Cargill,relation,female
Robert Ziff,USA,Ziff Davis Inc,relation,male
Whitney MacMillan,USA,Cargill,relation,male
Zhang Zhidong,CHN,Tencent,founder,male
Andrew Tan,PHL,Alliance Global Group,Chairman and Chief Executive Officer,male
Arnon Milchan,ISR,New Regency Films,founder,male
Frank Lowy,AUS,Westfield Group,founder,male
Horst Paulmann,CHL,Hipermercados Jumbo,founder,male
Sergio Mantegazza,CHE,Globus,relation,male
Shari Arison,ISR,Carnival Corporation,relation,female
Diane Hendricks,USA,ABC Supply,founder,female
Mike Adenuga,NGA,Conoil/Globacom,founder,male
Pierre Bellon,FRA,Sodexo,founder,male
David Sun,USA,Kingston Technology,founder,male
Dieter Schnabel,DEU,Helm AG,relation,male
James Dyson,GBR,Dyson,founder,male
Jay Y. Lee,KOR,Samsung,relation,male
John A. Sobrato,USA,Sobrato Organization,founder,male
John Tu,USA,Kingston Technology,founder,male
Kirk Kerkorian,USA,MGM Grand,investor,male
Lynn Schusterman,USA,Samson Investment Company,relation,female
Majid Al Futtaim,ARE,Majid Al Futtaim,founder,male
Michael Herz,DEU,Maxingvest AG,relation,male
Trevor Rees-Jones,USA,Chief Oil and Gas ,founder,male
Wolfgang Herz,DEU,Maxingvest AG,relation,male
Barbara Carlson Gage,USA,Carlson Inc,relation,female
Guenter Herz & Family,DEU,Maxingvest AG,relation,male
Kelcy Warren,USA,Energy Transfer Partners,Chairman and Chief Executive Officer,male
Luo Jye,Taiwan,Maxxis,founder,male
Marilyn Carlson Nelson,USA,Carlson Inc,relation,female
Dan Olsson,SWE,Stena Sphere,relation,male
Emanuele (Lino) Saputo,CAN,Saputo Inc,relation,male
Guo Guangchang,CHN,Fosun Group,founder,male
Lee Shin Cheng,MYS,IOI Group,founder and chairman,male
Liang Wengen,CHN,Sany Heavy Industry,founder,male
"Paul Tudor Jones, II.",USA,Tudor Investment Corporation,founder,male
Sam Zell,USA,Equity Group Investments,founder,male
Samvel Karapetyan,RUS,Tashir Group,founder,male
Wang Chuanfu,CHN,BYD Company,founder,male
Akira Mori,JPN,Mori Building,relation,male
Bernard Ecclestone,GBR,Formula One Group,investor and  CEO,male
Elizabeth Mohn,DEU,Bertelsmann,relation,female
Enrique Razon,PHL,International Containter Terminal Services,relation,male
Friede Springer,DEU,Axel Sbringer AG,relation,female
Jeronimo Arango,MEX,Aurrera,founder,male
Leonard Stern,USA,Hartz Group,relation,male
Lin Rong San,Taiwan,Union Bank of Taiwan,founder,male
Malcolm Glazer,USA,First Allied Corporation,founder,male
Ralph Dommermuth,DEU,United Internet,founder,male
Ted Lerner,USA,Lerner Enterprises,founder,male
Wang Wenyin,CHN,Amer International Group,owner,male
William Ding,CHN,NetEase,founder and CEO,male
Anthony Bamford,GBR,JCB,relation,male
Barry Lam,Taiwan,Quanta Computer,founder,male
Beny Steinmetz,ISR,Steinmetz Diamond Group and BSGR,relation,male
Eduardo Saverin,BRA,Facebook,founder,male
Francisco Ivens de Sa Dias Branco,BRA,M. Dias Branco S.A.,relation,male
Ingvar Kamprad,SWE,IKEA,founder,male
Nancy Walton Laurie,USA,Walmart,relation,female
Shahid Khan,USA,Flex-N-Gate,owner,male
Arkady Rotenberg,RUS,"SGM Group, Mostotrest, TPS Avia",owner,male
Bertil Hult,SWE,EF Education,founder,male
Chairul Tanjung,IDN,Para Group (aka CT Corp),founder,male
Curt Engelhorn,DEU,BASF/Boehringer Mannheim/DePuy,relation,male
David & Frederick Barclay,GBR,Press Holdings,founder,male
Erich Kellerhals,DEU,Media Markt,founder,male
Gustaf Douglas,SWE,Investment AB Latour,founder,male
Gustavo Cisneros,VEN,Cisneros Group,relation,male
John Morris,USA,Bass Pro Shops,founder,male
Lars Larsen,DEN,JYSK,founder and CEO,male
Lei Jun,CHN,Xiaomi Tech,founder,male
Randal Kirk,USA,General Injectables and Vaccines/Third Security LLC,founder,male
Wang Wei,CHN,S.F. Express,founder,male
Bernard (Barry) Sherman,CAN,Empire Laboratories,relation,male
Daniel Och,USA,Och-Ziff Capital Management Group,"founder, chairman, ceo",male
Donald Trump,USA,The Trump Organization,relation,male
Heinz-Georg Baus,DEU,Bauhaus,founder,male
"John Gokongwei, Jr.",PHL,JG Summit Holdings,founder,male
Martha Ingram,USA,Ingram Industries,relation,female
Riley Bechtel,USA,Bechtel Corporation,relation and chairman,male
"Stephen Bechtel, Jr.",USA,Bechtel Corporation,relation,male
Alain Merieux,FRA,Institut Merieux,relation,male
Alexander Abramov,RUS,EvrazHolding,Chairman,male
Andreas von Bechtolsheim,DEU,Sun Microsystems,founder,male
Jeffrey Skoll,USA,Ebay,president,male
Mark Shoen,USA,U-haul,relation,male
Mitchell Rales,USA,Danaher,founder,male
Odd Reitan,NOR,Reitan Group,founder,male
Peter Hargreaves,GBR,Hargreaves Lansdown,founder,male
Steve Wynn,USA,Wynn Resorts (formarly Mirage Resorts),founder,male
Uday Kotak,IND,Kotak Mahindra Bank,founder,male
Walter Faria,BRA,Grupo Petropolis,owner,male
William Koch,USA,Koch industries,relation,male
Aloys Wobben,DEU,Enercon,founder,male
Axel Oberwelland,DEU,Storck,relation,male
Charles Dolan,USA,Cablevision and HBO,founder,male
Daniel Gilbert,USA,Quicken Loans,founder,male
Gong Hongjia,HKG,Hikvision,owner and vice chair,male
Guenther Fielmann,DEU,Fielmann AG,founder,male
Igor Kesaev,RUS,Mercury Company,founder,male
Isabel dos Santos,AGO,Unitel Interneational Holdings,founder,female
Jiang Bin,CHN,GoerTek,founder,male
John Sall,USA,SAS institute,founder,male
Joseph Tsai,CAN,Alibaba,founder/vice chairman,male
Karen Pritzker,USA,Hyatt,relation,female
Martin & Olivier Bouygues,FRA,Bouygues S.A.,relation,male
Michael Stoschek,DEU,Brose,relation,male
Murat Ulker,TUR,Yildiz Holding,relation,male
Nathan Kirsh,SWZ,Jetro Holdings,investor,male
Niels Peter Louis-Hansen,DEN,Coloplast,relation,male
Ronald Lauder,USA,Est?Lauder,relation,male
Wu Yajun,CHN,Longfor Properties,founder,female
Zhang Jindong,CHN,Suning Group,founder/president,male
Zhang Xin,CHN,SOHO China,founder,female
Vanich Chaiyawan,THA,Thai Life,Chairman,male
David Shaw,USA,D.E. Shaw & Co,founder,male
God Nisanov,RUS,Kiyevskaya Ploshad,founder,male
Ian & Richard Livingstone,GBR,London & Regional Properties,founder,male
J. Christopher Reyes,USA,Reyes Holdings,ceo,male
Jan Kulczyk,POL,Kulczyk Investments,founder,male
Jerry Speyer,USA,Tishman Speyer,founder,male
Jude Reyes,USA,Reyes Holdings,ceo,male
Maria-Elisabeth Schaeffler,DEU,Schaeffler Group,relation,female
Michael Platt,GBR,BlueCrest Capital Management,founder,male
Reid Hoffman,USA,LinkedIn,founder,male
Sheldon Solow,USA,Solow Building Company,founder,male
Steven Rales,USA,Danaher,founder,male
Steven Udvar-Hazy,USA,International Lease Finance Corporation,founder,male
Zarakh Iliev,RUS,,founder,male
Zhang Shiping,CHN,China Hongqiao,founder,male
Adi Godrej,IND,Godrej Group,relation,male
Andreas Struengmann,DEU,Hexal AG,founder,male
Bernard Marcus,USA,Home Depot,founder,male
Evan Williams,USA,Twitter,founder,male
George Bishop,USA,GeoSouthern,founder,male
"H. Ross Perot, Sr.",USA,Electronic Data Systems,founder,male
Jamshyd Godrej,IND,Godrej Group,relation,male
Keiichiro Takahara,JPN,Unicharm,founder,male
Leon G. Cooperman,USA,Omega Advisors,founder,male
Lorenzo Mendoza,VEN,Empresas Polar,relation,male
Lu Guanqiu,CHN,Wanxiang Group,founder,male
Masatoshi Ito,JPN,Ito-Yokado,founder,male
Prince Sultan bin Mohammed bin Saud Al Kabeer,SAU,Almarai,founder,male
Rosa Anna Magno Garavoglia,ITA,Gruppo Campari,relation,female
Sri Prakash Lohia,IDN,Indorama Corporation,founder,male
Thomas Struengmann,DEU,Hexal AG,founder,male
Yvonne Bauer,DEU,Bauer Media Group,relation,female
Zygmunt Solorz-Zak,POL,Polsat,founder,male
Andrei Guriev,RUS,Apatit,chairman,male
Chung Eui-Sun,KOR,Hyundai,relation/vice chairman,male
Daniela Herz,DEU,Maxingvest AG,relation,female
"Edward Roski, Jr.",USA,Majestic Realty Co.,relation,male
Fredrik Lundberg,SWE,LE Lundbergforetagen AB,relation,male
Haim Saban,USA,Saban Entertainment,founder,male
Han Chang-Woo,JPN,Maruhan,"Chairman, CEO",male
Jim Davis,USA,New Balance,Chairman,male
John Doerr,USA,Kleinter Perkins Caufield & Byers,employee,male
John Gandel,AUS,Chadstone Shopping Center,relation,male
Lin Yu-lin,Taiwan,Hong Tai Group,founder,male
Rafael Del Pino y Calvo-Sotelo,ESP,Ferrovial,relation,male
Ronda Stryker,USA,Stryker Corporation,relation,female
Steven Spielberg,USA,DreamWorks,founder,male
Sun Guangxin,CHN,Xinjiang Guanghui Industry Investment Group,founder,male
Tamara Gustavson,USA,Public Storage,relation,female
Wolfgang Marguerre,DEU,Octapharma,founder,male
Aloysio de Andrade Faria,BRA,Banco Real,relation,male
Antti Herlin,FIN,Kone Corporation,relation,male
Clayton Riddell,CAN,Paramount Resources,founder,male
Daryl Katz,CAN,Katz Group,Chairman and Chief Executive Officer,male
David Consunji,PHL,DMCI,founder,male
Doris Fisher,USA,The Gap,founder,female
Francis Choi,HKG,Early Light International,founder,male
Fu Liquan,CHN,Zhejiang Dahua Technology,chairman,male
Israel Englander,USA,Millennium Management LLC,founder,male
Jean Pierre Cayard,FRA,La Martiniquaise,relation,male
Marc Benioff,USA,salesforce.com,founder,male
Matthias Reimann-Andersen,DEU,Benckiser,relation,male
Mikhail Gutseriev,RUS,Russneft,owner,male
Otto Happel,DEU,GEA Group,relation,male
Phillip Frost,USA,Opko Health,Chairman and Chief Executive Officer,male
Renate Reimann-Haas,DEU,Benckiser,relation,female
Renzo Rosso,ITA,Diesel,founder,male
Samuel Yin,Taiwan,Ruentex Group,,male
Sarik Tara,TUR,Enka insaat ve Sanayi,founder,male
Stefan Reimann-Andersen,DEU,Benckiser,relation,male
Stephan Schmidheiny,CHE,Holcim,relation,male
Terrence Pegula,USA,East Resources,founder,male
Wolfgang Reimann,DEU,Benckiser,relation,male
"Austen Cargill, II.",USA,Cargill,relation,male
Christoffel Wiese,ZAF,Shoprite,Exectuitve Director,male
Desh Bandhu Gupta,IND,Lupin Limited,founder,male
Frederick Smith,USA,FedEx,founder,male
George Lindemann,USA,"Vision Cable, Metro Mobile, Southern Union",Chairman and Chief Executive Officer,male
Gianluigi Aponte,CHE,MSC,founder,male
Heidi Horten,AUT,Horten AG,relation,female
Issad Rebrab,DZA,CEVITAL,founder,male
"James Cargill, II.",USA,Cargill,relation,male
"Julian Robertson, Jr.",USA,Tiger Management Corp,founder,male
Liu Yonghao,CHN,New Hope Group,founder,male
Lu Xiangyang,CHN,BYD,vice chairman,male
Marianne Liebmann,USA,Cargill,relation,female
Rafaela Aponte,CHE,MSC,founder,female
Spiro Latsis,GRC,EFG International,relation,male
Victor Pinchuk,UKR,Interpipe,founder,male
Alexander Svetakov,RUS,Absolut,owner,male
Andre Esteves,BRA,BTG Pactual,founder,male
Anthony Pritzker,USA,Hyatt,relation,male
Antonio Ermirio de Moraes,BRA,Votorantim Group,relation,male
Archie Aldis Emmerson,USA,Sierra Pacific Industries,founder,male
Daniel D'Aniello,USA,Carlyle Group,founder,male
David Azrieli,CAN,Azrieli Group,founder,male
David Rubenstein,USA,Carlyle Group,founder,male
Eddie & Sol Zakay,GBR,Topland Group,founder,male
Ermirio Pereira de Moraes,BRA,Votorantim Group,relation,male
Hans Peter Wild,DEU,?Rudolf WILD GmbH & Co. KG,relation,male
Isaac Perlmutter,USA,Marvel Entertainment,CEO,male
James Jannard,USA,"Oakley, Inc",founder,male
Jay Robert (J.B.) Pritzker,USA,Hyatt,relation,male
"Jeremy Jacobs, Sr.",USA,Delaware North Companies,relation,male
Judy Faulkner,USA,Epic Systems,founder,female
Maria Helena Moraes Scripilliti,BRA,Votorantim Group,relation,female
Mohamed Mansour,EGY,Mansour Group,relation,male
Mohammed Al Issa,SAU,Savola Group,shareholder,male
Najib Mikati,LBN,Investcom,founder,male
Peter Kellogg,USA,"Spear, Leeds & Kellogg",relation,male
Roger Wang,USA,Golden Eagle International Group,founder,male
Shi Yuzhu,CHN,Giant Interactive,founder,male
Stanley Druckenmiller,USA,Duquesne Capital,founder,male
Stelios Haji-Ioannou,CYP,Easy Jet,founder,male
Syed Mokhtar AlBukhary,MYS,MMC Corp./DRBHicom,owner,male
Taha Mikati,LBN,Investcom,founder,male
Theo Mueller,DEU,Muller,relation,male
Wang Yung-Tsai,Taiwan,Formosa Plastics,founder,male
"William Conway, Jr.",USA,Carlyle Group,founder,male
Yitzhak Tshuva,ISR,El-Ad Group,founder and chairman,male
Alexander Nesis,RUS,ICT Group,founder,male
"Amos Hostetter, Jr.",USA,Continental Cablevision,founder,male
Anthony Pratt,AUS,Pratt Industries/Visy Industries,relation,male
Brian Acton,USA,WhatsApp,founder,male
Edward Lampert,USA,ESL Investment,founder,male
Fred DeLuca,USA,Subway,founder,male
Friedhelm Loh,DEU,Loh Group,relation,male
H. Fisk Johnson,USA,S. C. Johnson & Son,relation,male
Harry Stine,USA,The Stine Seed Group,founder,male
Helen Johnson-Leipold,USA,S. C. Johnson & Son,relation,female
Husnu Ozyegin,TUR,FIBA Holding,founder,male
Imogene Powers Johnson,USA,S. C. Johnson & Son,relation,female
James Leprino,USA,Leprino Foods,relation and chairman,male
Jerry Jones,USA,Jones Oil and Land Lease,founder,male
John Catsimatidis,USA,Gristedes Foods,founder,male
John Paul DeJoria,USA,John Paul Mitchell Systems/Patron Spirits Company,founder,male
Kerr Neilson,AUS,Platinum Asset Management,founder,male
Kushal Pal Singh,IND,DLF Limited,relation and chairman,male
Lawrence Ho,HKG,"Sociedade de Turismo e Divers?es de Macau, SA",relation,male
Lu Zhiqiang,CHN,Oceanwide Group of Beijing,chairman,male
Michel Leclercq,FRA,Oxylane,founder,male
Paul Ramsay,AUS,Ramsay Health Care,founder,male
Peter Buck,USA,Subway,founder,male
"Robert Rich, Jr.",USA,Rich Products Corporation,relation,male
S. Curtis Johnson,USA,S. C. Johnson & Son,relation,male
Samuel Tak Lee,HKG,Prudential Enterprise,relation,male
Tang Yiu,HKG,Belle Holdings,founder,male
Wang Yusuo,CHN,ENN Energy Group,founder,male
Winnie Johnson-Marquart,USA,S. C. Johnson & Son,relation,female
Anil Agarwal,IND,Vedanta Resources,founder,male
Carlo Benetton,ITA,Benetton Group,founder,male
David Filo,USA,Yahoo!,founder,male
"David Rockefeller, Sr.",USA,Standard Oil,relation,male
Do Won Chang,USA,Forever 21,founder,male
Farhad Moshiri,GBR,Metalloinvest,founder,male
Fernando Roberto Moreira Salles,BRA,Unibanco,relation,male
Gilberto Benetton,ITA,Benetton Group,founder,male
Giuliana Benetton,ITA,Benetton Group,founder,female
Herbert Louis,USA,S. C. Johnson & Son,relation,male
Igor Olenicoff,USA,Olen Properties,founder,male
Jaime Gilinski Bacal,COL,Gilinski Group,relation,male
Jin Sook Chang,USA,Forever 21,founder,female
Joao Moreira Salles,BRA,Unibanco,relation,male
John Arnold,USA,Centaurus Advisors,founder,male
John Fisher,USA,The Gap,relation,male
Josephine Louis,USA,S. C. Johnson & Son,relation,female
Joshua Harris,USA,Apollo Group Management,founder,male
Luciano Benetton,ITA,Benetton Group,founder,male
Magdalena Martullo-Blocher,CHE,EMS-Chemie,relation and ceo,female
Marc Rowan,USA,Apollo Group Management,founder,male
Michael Pieper,CHE,Artemis Goup,relation,male
Michael Ying,HKG,Esprit Holdings Limited,former chairman and CEO,male
Oprah Winfrey,USA,Harpo Productions,"founder, chairwoman, ceo",female
Pedro Moreira Salles,BRA,Unibanco,relation,male
Rahel Blocher,CHE,EMS-Chemie,relation,female
Robert Kraft,USA,International Forest Products,founder,male
Thomas Pritzker,USA,Hyatt,relation,male
Tom Gores,USA,Platinum Equity,founder,male
"Walter Scott, Jr.",USA,Piewit Corporation,former CEO,male
Walther Moreira Salles Junior,BRA,Unibanco,relation,male
Abilio dos Santos Diniz,BRA,Companhia Brasileira de Distribui?ao,relation,male
Alexandra Schorghuber,DEU,Schorghuber Group,relation,female
Alexandre Soares dos Santos,PRT,Jeronimo Martins,relation,male
Alfred Taubman,USA,Taubman Centers,founder,male
Angela Leong,HKG,"Sociedade de Turismo e Divers?es de Macau, SA",relation,female
Bernard Broermann,DEU,Asklepios Kliniken GmbH,founder,male
Chee Chen Tung,HKG,Orient Overseas Container Line,relation,male
Dirk Rossmann,DEU,Rossmann,founder,male
"Edward DeBartolo, Jr.",USA,Edward J. DeBartolo Corporation,relation,male
Erman Ilicak,TUR,Ronesans Construction,founder,male
Gautam Adani,IND,Adani Group,founder,male
Huang Rulun,CHN,Century Golden Resources Group,founder,male
Joan Tisch,USA,Loews Corporation,relation,female
John Caudwell,GBR,Midland Mobile Phones,founder,male
Krit Ratanarak,THA,Bank of Ayudhya/Bangkok Broadcasting and Television Company,relation,male
Leandro Rizzuto,USA,Conair,founder,male
Mary Alice Dorrance Malone,USA,Campbell Soup,relation,female
Masahiro Miki,JPN,ABC-Mart,founder,male
Michael & Rainer Schmidt-Ruthenbeck,DEU,Metro AG,relation,male
Michael Moritz,USA,Sequoia Capital,partner,male
Naguib Sawiris,EGY,Orascom,relation,male
Othman Benjelloun,MAR,RMA Watanya,relation,male
Peter Sondakh,IDN,Golden Eagle Energy,owner,male
Philippe Foriel-Destezet,FRA,Adecco,owner,male
Robert Bass,USA,Sid Richardson Gasoline Co,relation,male
Saif Al Ghurair,ARE,Al-Ghurair Group,relation,male
Suh Kyung-Bae,KOR,AmorePacific,relation,male
Viktor Rashnikov,RUS,Magnitogorsk Metallurgical Enterprise,general director,male
W. Herbert Hunt,USA,Petro-Hunt,relation,male
"Wilbur Ross, Jr.",USA,WL Ross & Co,founder,male
Yang Kai,CHN,China Huishan Dairy Holding,chairman,male
Ziyad Manasir,RUS,Stroygazconsulting,founder,male
Richard Chandler,NZL,Chandler Corporation,founder,male
Dagmar Dolby,USA,Dolby Laboratories,relation,female
David Bonderman,USA,TPG Capital,founder,male
Elaine Wynn,USA,Wynn Resorts (formarly Mirage Resorts),founder,female
Eva Maria Bucher-Haefner,CHE,CA Technologies,relation,female
Hanni Toosbuy Kasprzak,DEN,ECCO,relation,female
Jean-Michel Besnier,FRA,Lactalis,relation,male
Jeff Sutton,USA,Wharton Properties,founder,male
Johan Johannson,NOR,Joh. Johannson,relation,male
Law Kar Po,HKG,Park Hotel Group,founder,male
Liu Qiangdong,CHN,JD.com,founder,male
Marie Besnier Beauvalot,FRA,Lactalis,relation,female
Michael Rubin,USA,Kynetic/GSI,founder,male
Miguel Krigsner,BRA,O Botic?rio,founder,male
Patrice Motsepe,ZAF,African Rainbow Minerals,founder and executive chairman,male
Qiu Guanghe,CHN,Zhejiang Semir Garment,chairman,male
Robert Pera,USA,Ubiquiti Networks,founder,male
Ron Burkle,USA,Yucaipa Companies,founder,male
Tong Jinquan,CHN,Summit,chairman,male
Ye Chenghai,HKG,Shenzhen Salubris Pharmaceuticals,chairman,male
Yeoh Tiong Lay,MYS,YTL Corporation,founder,male
A. Jerrold Perenchio,USA,Univision,former chairman and CEO,male
Anita Zucker,USA,Hudson's Bay Company,relation,female
Cristina Green,GBR,Arcadia,owner,female
Daniel Mate,ESP,Glencore Xstrata,leadership,male
Danil Khachaturov,RUS,Rosgosstrakh,chairman,male
Edson de Godoy Bueno,BRA,Amil,founder,male
Emilio Azcarraga Jean,MEX,Grupo Televisa,relation,male
Helmut Sohmen,AUT,BW Group,relation,male
"Herbert Allen, Jr.",USA,Allen & Company,relation,male
Hui Lin Chit,CHN,Hengan Internationl Group Company Limited,founder,male
Jason Chang,SGP,Advanced Semiconductor Engineering,founder,male
Maria Luisa Solari Falabella,CHL,SACI Falabella,relation,female
Mark Cuban,USA,Broadcast.com,founder,male
Martin Viessmann,DEU,Viessmann Group,relation,male
Pan Zhengmin,CHN,AAC Technologies,founder,male
Patrick Lee,HKG,Lee & Man Paper Manufacturing,founder,male
Philip Green,GBR,Arcadia,owner,male
Reinhold Schmieding,USA,Arthrex Inc,founder,male
Richard Rainwater,USA,ENSCO International,founder,male
Sean Parker,USA,"Napster, Plaxo, Airtime",founder,male
Sze Man Bok,CHN,Hengan Internationl Group Company Limited,founder,male
Torbjorn Tornqvist,SWE,Gunvor Group,founder,male
Ty Warner,USA,Ty Inc.,founder,male
Vasily Anisimov,RUS,Metalloinvest/Coalco,investor,male
Vladimir Bogdanov,RUS,Surgutneftegaz,president,male
Yasumitsu Shigeta,JPN,Hikari Tsushin,founder,male
Abdulla Al Futtaim,ARE,Al-Futtaim Group,relation,male
Aristotelis Mistakidis,GRC,Glencore Xstrata,"co-director of zinc, copper and lead",male
Belmiro de Azevedo,PRT,Sonae SGPS,chairman,male
Bernardo Matte,CHL,CMPC,relation,male
Bernd Freier,DEU,s.Oliver,founder,male
Charles Dunstone,GBR,The Carphone Warehouse,founder,male
Chey Tae-Won,KOR,SK Corporation,chariman,male
Clive Calder,GBR,Zomba Group,founder,male
Dan Friedkin,USA,Gulf States Toyota Distributors,relation,male
Dan Gertler,ISR,DGI Group,founder,male
David Cheriton,CAN,Google,investor,male
Eduardo Belmont Anderson,PER,Belcorp,founder,male
Eliodoro Matte,CHL,CMPC,relation,male
Ennio Doris,ITA,Mediolanum SpA,founder,male
Folorunsho Alakija,NGA,Famfa Limited,founder,female
Francisco Jose Riberas Mera,ESP,Corporation Gestamp SL,relation,male
H. Wayne Huizenga,USA,Waste Management,founder,male
Henry Hillman,USA,Pittsburgh Coke & Chemical,relation,male
Hubert Burda,DEU,Hubert Burda Media,relation,male
Jack Dangermond,USA,Environmental Systems Research Institute,founder,male
Jeff Greene,USA,,founder,male
"John Dorrance, III.",IRL,Campbell Soup,relation,male
Juan Maria Riberas Mera,ESP,Corporation Gestamp SL,relation,male
Juan-Miguel Villar Mir,ESP,Obrascon Huarte Lain S.A.,Chairman and Chief Executive Officer,male
Kjell Inge Rokke,NOR,Aker Soulutions ASA,owner,male
Madeleine Olsson Ericksson,SWE,Stena Sphere,relation,female
Michael Milken,USA,Drexel Burnham Lambert,head of high-yield bond trading dept,male
Min Kao,USA,Garmin,founder,male
Mochtar Riady,IDN,Lippo Group,founder,male
Neil Bluhm,USA,JMB Realty,founder,male
Pang Kang,CHN,Foshan Haitian Flavoring and Food,chairman,male
Patricia Matte,CHL,CMPC,relation,female
Philip Niarchos,GRC,Niarchos Ltd,relation,male
Phillip Ruffin,USA,New Frontier Hotel and Casino,owner,male
Shigenobu Nagamori,JPN,Nidec,founder,male
Siegfried Meister,DEU,Rational AG,founder,male
Stefan Olsson,SWE,Stena Sphere,relation,male
Teddy Sagi,ISR,Playtech,founder,male
Timothy Headington,USA,Headington Oil,founder,male
Valery Kogan,RUS,East Line Group,investor,male
Warren Stephens,USA,Stephans Inc.,relation,male
William Erbey,USA,Ocwen Financial,executive chairman,male
William Fung,HKG,Li & Fung Group,relation,male
"William Wrigley, Jr.",USA,Wm Wrigley Jr. Company,relation,male
Abdullah Al Rajhi,SAU,Al Rajhi bank,founder,male
Andrej Babis,CZE,Agrofert,owner and former CEO,male
Barry Diller,USA,IAC ,Chairman and Chief Executive Officer,male
Bharat Desai,USA,Syntel,founder,male
Brijmohan Lall Munjal,IND,Hero Group,founder,male
Carlos Ardila Lulle,COL,Organizacion Ardila Lulle,relation,male
Edwin Leong,HKG,Tai Hung Fai Enterprise,founder,male
Esther Grether,CHE,Doetsch Grether,relation,female
George Argyros,USA,Arnel & Affiliates,investor,male
Henry Fong Yun Wah,HKG,Hip Shing Hong Group,founder,male
Ingeburg Herz,DEU,Maxingvest AG,relation,female
Juan Abello,ESP,Abello Laboratories,relation,male
Ken Fisher,USA,Fisher Investments,founder,male
Kevin Plank,USA,Under Armour,founder,male
Kwek Leng Beng,SGP,Hong Leong Group,relation,male
Lawrence Stroll,CAN,Michael Kors,chairman,male
Leszek Czarnecki,POL,Getin Holding,founder,male
Liang Yunchao,CHN,Guangdong By-Health Biotechnology,founder,male
Louis Le Duff,FRA,Brioche Doree,founder,male
Ma Jianrong,CHN,Shenzhou International,relative,male
Maja Oeri,CHE,Roche,relative,female
Manuel Jove,ESP,Fadesa,founder,male
Mortimer Zuckerman,USA,Boston Properties,founder,male
Onsi Sawiris,EGY,Orascom,founder,male
Pankaj Patel,IND,Cadila Healthcare,relation,male
Richard Desmond,GBR,Northern & Shell,founder,male
Rodney Lewis,USA,Lewis Energy,founder,male
Saleh Kamel,SAU,Dallah al Baraka Group,founder,male
Sebastian Pinera,CHL,Bancard,founder,male
Silas Chou,HKG,Michael Kors,chairman,male
Stephen Lansdown,GGY,Hargreaves Lansdown,founder,male
Tilman Fertitta,USA,Landry's Restaurant,founder,male
Peter Lim,SGP,Wilmar International,investor,male
Alexander Mamut,RUS,Livejournal,investor,male
Alexander Ponomarenko,RUS,NCSP Group,chairman,male
Alexander Skorobogatko,RUS,NCSP Group,chairman,male
"Bernard Saul, II.",USA,B. F. Saul Company,relation,male
Bill Gross,USA,PIMCO,founder,male
Cai Kui,CHN,Longfor Properties,founder,male
Caprotti Bernardo,ITA,Esselunga,founder,male
Chen Fashu,CHN,Zijin Mining Group,investor,male
"Clemmie Spangler, Jr.",USA,Bank of North Carolina,relation,male
David Murdock,USA,Dole Food Company,Chairman and Chief Executive Officer,male
George Ty,PHL,Metropolitan Bank and Trust Company,founder,male
Henadiy Boholyubov,UKR,Privatbank,owner,male
Indu Jain,IND,"Bennett, Coleman & Co Ltd.",relation,female
James France,USA,NASCAR,relation,male
Jean (Gigi) Pritzker,USA,Hyatt,relation,female
Jean Claude Gandur,CHE,Addax Petroleum,founder,male
Jia Yueting,CHN,Leshi Television,founder,male
John Whittaker,GBR,The Peel Group,founder,male
Julio Ponce,CHL,Quimica y Minera de Chile,chairman,male
Kenneth Langone,USA,Home Depot,founder,male
Kuok Khoon Hong,SGP,Wilmar International,founder,male
Mario Moretti Polegato,ITA,Geox,founder,male
Michal Solowow,POL,Synthos,investor,male
Penny Pritzker,USA,Hyatt,relation,female
Richard Marriott,USA,Marriot,relation,male
Robert Miller CA,CAN,Future Electronics,founder,male
Stanley Hubbard,USA,Hubbard Broadcasting Inc,owner,male
Victor Fung,USA,Li & Fung Group,relation,male
Wang Changtian,CHN,Beijing Enlight,chairman,male
Xu Jingren,CHN,Yangtze River Pharmaceutical Group,founder,male
Xue Xiangdong,CHN,DHC Software,founder,male
Youssef Mansour,EGY,Mansour Group,relation,male
Andreas Halvorsen,NOR,Viking Global Equities,founder and ceo,male
Bahaa Hariri,LBN,Saudi Oger,relation,male
"Bill Marriott, Jr.",USA,Marriot,relation,male
Bulat Utemuratov,KAZ,ATF Bank,founder,male
Chip Wilson,CAN,Lululemon Athletica,founder,male
Daniel Loeb,USA,Third Point LLC,founder,male
Giuseppe De'Longhi,ITA,De'Longhi Group,relation,male
Jack Dorsey,USA,Twitter,founder,male
Jean Coutu,CAN,Jean Coutu Group,founder,male
Jiang Rensheng,CHN,Chongqing Zhifei Biological Products,"founder, chairman",male
Joe Mansueto,USA,"Morningstar, Inc",founder,male
John de Mol,NLD,Endemol,founder,male
Kalanithi Maran,IND,Sun Group,"founder, chairman",male
Lindsay Fox,AUS,Linfox,founder,male
Manuel Lao Hernandez,ESP,Cirsa,founder,male
Mark Coombs,GBR,Ashmore Group,founder,male
Martin Haefner,CHE,CA Technologies,relation,male
Martin Naughton,IRL,Glen Dimplex Group,founder,male
Moise Safra,BRA,Banco Safra (now Saftra Group),founder,male
Nadhmi Auchi,GBR,General Mediterranean Holding,founder,male
Naruatsu Baba,JPN,Colopl,founder,male
Peter Thiel,USA,PayPal,founder,male
Regina de Camargo Pires Oliveira Dias,BRA,Grupo Camargo Correra,relation,female
Renata de Camargo Nascimento,BRA,Grupo Camargo Correra,relation,female
Richard Peery,USA,,founder,male
Romesh T. Wadhwani,USA,Symphony Technology Group,founder,male
Rossana Camargo de Arruda Botelho,BRA,Grupo Camargo Correra,relation,female
Semahat Arsel,TUR,Koc Holding,relation,female
Stephen Bisciotti,USA,Allegis Group,founder,male
Ted Turner,USA,CNN,founder,male
Tor Peterson,USA,Glencore Xstrata,employee,male
Goh Cheng Liang,SGP,Nipsea,chairman,male
Alexander Dzhaparidze,RUS,Petroalliance,founder,male
Alexander Knaster,USA,Pamplona Capital Management,founder,male
Alicia Koplowitz,ESP,Construcciones y Contratas,relation,female
Antonio Luiz Seabra,BRA,Natura Cosmeticos,founder,male
B. Wayne Hughes,USA,Public Storage,founder,male
Charles Bronfman,CAN,Seagrams,relation,male
David Hains,AUS,Portland House Group,founder,male
David Penaloza Sandoval,MEX,Pinfra,founder,male
Edward Bass,USA,Sid Richardson Gasoline Co,relation,male
Ferit Sahenk,TUR,Dogus Holding,relation,male
Gerald J. Ford,USA,Golden State Bancorp,Chairman,male
Helena Revoredo,ESP,Prosegur,relation,female
Howard Schultz,USA,Starbucks,Chairman and Chief Executive Officer,male
Igor Makarov,RUS,Itera,founder,male
Ihor Kolomoyskyy,UKR,Privatbank,owner,male
James Coulter,USA,TPG Capital,founder,male
Jerry Yang,USA,Yahoo!,founder,male
Johnelle Hunt,USA,J.B. Hunt Transport Services,founder,female
Lee Bass,USA,Sid Richardson Gasoline Co,relation,male
Liu Zhongtian,CHN,Zhongwang Holdings,founder and chairman,male
Malvinder and Shivinder Singh,IND,Ranbaxy Laboratories,relation,male
Michael Jaharis,USA,Kos Pharmaceuticals,founder,male
Mustafa Rahmi Koc,TUR,Koc Holding,relation,male
N. Murray Edwards,CAN,Canadian Natural Resources,chairman,male
Raj Kumar & Kishin RK,SGP,Royal Holdings/RB Capital,relation,male
Reinfried Pohl,DEU,Deutsche Verm?gensberatung?,founder,male
Richard Schulze,USA,Best Buy,founder,male
Sandro Veronesi,ITA,Calzedonia Group,founder,male
"Stephen Mandel, Jr.",USA,Lone Pine Capital,founder,male
Sukanto Tanoto,IDN,Royal Golden Eagle International,founder,male
Sylvia Stroher,DEU,Wella AG,relation,female
T.Y. Tsai,Taiwan,Cathay Financial,relation,male
Taizo Son,JPN,GungHo Online Entertainment,founder,male
Thomas Bruch,DEU,Globus & Co.,relation,male
Tom Golisano,USA,Paychex,founder,male
Vincent Lo,HKG,Shui On Group,founder,male
Zhang Li,CHN,Guangzho R&F,chairman,male
Zhou Hongyi,CHN,Qihoo,founder,male
Zhu Gongshan,CHN,GCL-Poly Energy Holdings,founder,male
Herbert Simon,USA,Simon Property Group,founder,male
Alec Gores,USA,The Gores Group,founder,male
Alexei Ananyev,RUS,Technoserv,founder,male
Arne Wilhelmsen,NOR,Royal Caribbean Cruises,relation,male
Bachtiar Karim,IDN,Musim Mas,relation,male
Benjamin de Rothschild,CHE,Edmond de Rothschild Group,relation,male
Bennett Dorrance,USA,Campbell Soup,relation,male
Brad Kelley,USA,Commonwealth Brands,founder,male
Bruce Karsh,USA,Oaktree Capital Management,founder,male
Cai Dongqing,CHN,Guangdong Alpha Animation and Culture Co,chairman,male
Carl Bennet,SWE,Carl Bennet AB,investor,male
Carlo Fidani,CAN,Orlando Corp,relation,male
Carlos Hank Rhon,MEX,Grupo Financiero Interacciones,founder,male
Catherine Lozick,USA,Swagelok,relation,female
Chanchai Ruayrungruang,CHN,Reignwood Group,founder,male
Clayton Mathile,USA,Iams,former CEO,male
Daniel Pritzker,USA,Hyatt,relation,male
Dean White,USA,Whiteco Industries,relation,male
Dermot Desmond,IRL,International Investment and Underwriting,founder,male
Dmitry Ananyev,RUS,Technoserv,founder,male
Dmitry Pumpyansky,RUS,TMK Pipes,former CEO,male
"Drayton McLane, Jr.",USA,McLane Company,relation,male
Erwin Franz Mueller,DEU,Mueller,founder,male
Fiona Geminder,AUS,Visy Industries,relation,female
Florentino Perez,ESP,Actividades de Construccion y Servicios,Chairman and Chief Executive Officer,male
Georg von Opel,DEU,Opel,relation,male
Gordon Getty,USA,Getty ,relation,male
Guy Laliberte,CAN,Cirque du Soleil,founder,male
Heloise Waislitz,AUS,Visy Industries,relation,female
Howard Marks,USA,Oaktree Capital Management,founder,male
James Dinan,USA,York Capital management,founder,male
Jim Breyer,USA,Breyer Capital,founder,male
John Farber,USA,ICC Industries,founder,male
John Pritzker,USA,Hyatt,relation,male
Jorge Perez,USA,The Related Companies,founder,male
Jose and Francisco Jose Calderon Rojas,MEX,FEMSA,relation,male
Li Sze Lim,HKG,Guangzho R&F,founder and chairman,male
Matt & Dan Walsh,USA,Walsh Group,relation,male
Meg Whitman,USA,Hewlett-Packard,president and ceo,female
Nicolas Berggruen,USA,Alpha Investment Management,founder,male
Nicolas Puech,FRA,Hermes,relation,male
Noam Gottesman,USA,GLG Partners,founder,male
Or Wai Sheun,HKG,Kowloon Development,chairman,male
Robert Fisher,USA,The Gap,relation,male
Robert McNair,USA,Cogen Technologies,founder,male
Ron Baron,USA,Baron Capital Group,founder,male
Roustam Tariko,RUS,Russian Standard Vodka,founder,male
Sam Goi,SGP,Tee Yih Jia Food Manufacturing,executive chairman,male
Shen Guojun,CHN,Intime Retail,chairman,male
Shin Chang-Jae,KOR,Kyobo Life Insurance,relation,male
Sit Kwong Lam,HKG,Shenzhen Brightoil Group,founder,male
Sun Weijie,CHN,Yantai Jereh Oilfield Services Group,founder and chairman,male
Thomas Siebel,USA,Siebel Systems,founder,male
Tsai Hong-tu,Taiwan,Cathay Life Insurance,relation,male
Vyacheslav Kantor,RUS,Acron Group,president,male
Wang Wenxue,CHN,China Fortune Land Development,chairman,male
William Fisher,USA,The Gap,relation,male
Alex Beard,GBR,Glencore Xstrata,leadership,male
Henry Samueli,USA,Broadcom Corporation,founder,male
Nevaldo Rocha,BRA,Riachuelo,founder,male
S. Daniel Abraham,USA,Slim-Fast,founder,male
Shin Dong-Bin,KOR,Lotte Group,relation,male
Wu Yiling,CHN,Yiling Pharmaceuticals,founder,male
Alvaro Saieh Bendeck,CHL,Corpbanca,Chairman,male
Andrei Klyamko,RUS,Smart-Holding,owner,male
Andrei Kozitsyn,RUS,Urals mining and Metals Company,president,male
Bob Parsons,USA,Go Daddy,founder,male
Chandru Raheja,IND,K. Raheja Corp,founder,male
Daniel Roullier,FRA,Groupe Roullier,founder,male
David Gottesman,USA,First Manhattan,founder,male
Donald Sterling,USA,Lesser Towers,owner,male
Dulce Pugliese de Godoy Bueno,BRA,Amil,founder,female
Eduardo Eurnekian,ARG,Corporacion America,founder,male
Fayez Sarofim,USA,Fayez Sarofim & Co,relation,male
Fritz Draexlmaier,DEU,Draxlmaier Group,relation,male
Fu Meicheng,CHN,Zhejiang Huace Film & TV,chairman,male
Hans Melchers,NLD,HAL Investments,relation,male
Ian Wood,GBR,Wood Group,relation,male
John Arrillaga,USA,,founder,male
John Kapoor,USA,INSYS Thereputics,founder,male
Jonathan Harmsworth,GBR,Associated Newspapers,relation,male
Lev Kvetnoi,RUS,Vnukovo Airport,owner,male
Liao Long-Shing,Taiwan,Chang Chun Group,relation,male
Lirio Parisotto,BRA,Geracao Futuro L Par,founder,male
Michael Klein,BRA,Casas Bahia,relation,male
Mikhail Balakin,RUS,SU-155,chairman,male
Miloud Chaabi,MAR,Ynna Holding,founder,male
Mo Tianquan,CHN,SouFun Holdings,founder,male
Mohamed Al Fayed,EGY,House of Fraser,owner,male
Norman Braman,USA,Braman Enterprises,founder,male
Pat Stryker,USA,Stryker Corporation,relation,female
Richard Li,HKG,Cheung Kong,relation,male
Robert Duggan,USA,Pharmacyclics,investor,male
Ronald Southern,CAN,ATCO,founder,male
Rubens Ometto Silveira Mello,BRA,Cosan,chairman,male
Sid Bass,USA,Sid Richardson Gasoline Co,relation,male
Song Zuowen,CHN,Nanshan Group,founder,male
Subhash Chandra,IND,Essel Group,founder,male
Sulaiman Al Rajhi,SAU,Al Rajhi bank,founder,male
Tseng Shin-Yi,Taiwan,Chang Chun Group,founder,male
Wei Ing-Chou,Taiwan,Tingyi,founder,male
Wei Yin-Chun,Taiwan,Tingyi,founder,male
Wei Ying-Chiao,Taiwan,Tingyi,founder,male
Wei Yin-Heng,Taiwan,Tingyi,founder,male
Wolfgang Leitner,AUT,Andritz AG,president and ceo,male
Ajay Kalsi,IND,Indusgas,founder,male
Ayman Asfari,GBR,Petrofac,Chief Executive,male
Diego Della Valle,ITA,Tod's,relation,male
Hans-Werner Hector,DEU,SAP AG,founder,male
Kavitark Ram Shriram,USA,Google,investor,male
Li Shufu,CHN,Geely Automobile,founder,male
Li Zhongchu,CHN,Beijing Shiji Information Technology,founder,male
Marc Ladreit de Lacharriere,FRA,FIMALAC,founder and CEO,male
Mitchell Goldhar,CAN,SmartCenters,owner,male
Rahul Bajaj,IND,Bajaj Group,relation,male
Stewart Rahr,USA,Kinray Inc,relation,male
Sun Piaoyang,CHN,Jiangsu Hengrui Medicine,chairman,male
Suna Kirac,TUR,Koc Holding,relation,female
Tahir family,IDN,Mayapada Group,founder,male
Theodore Rachmat,IDN,Triputra Group,founder,male
Aras Agalarov,RUS,Crocus International,founder,male
Arthur Blank,USA,Home Depot,founder,male
Carlos Rodriguez-Pastor,PER,Interbank Group,owner,male
Chao Teng-Hsiung,Taiwan,Farglory Land,founder,male
Che Fengsheng,CHN,Sihuan Pharmaceutical,founder,male
Chen Jinxia,CHN,Hunan Yongjin Group,relation,female
Chu Lam Yiu,HKG,Huabao International Holdings,founder and chairwoman,female
Craig McCaw,USA,McCaw Cellular,founder,male
David Chow,MAC,Macau Legend,Chairman and Chief Executive Officer,male
Dinara Kulibaeva,KAZ,Halyk Bank,owner,female
Elisabeth Badinter,FRA,Publicis Groupe,relation,female
Eric Lefkofsky,USA,Groupon,founder,male
Filiz Sahenk,TUR,Dogus Holding,relation,female
Gary Magness,USA,TCI,relation,male
Gil Shwed,ISR,Check Point,founder,male
Glen Taylor,USA,Taylor Corporation,founder,male
Glenn Dubin,USA,Highbridge Capital Management,founder,male
Guenther Lehmann,DEU,Drogeriemarkt,owner,male
"H. Ross Perot, Jr.",USA,Electronic Data Systems,relation,male
Irwin Jacobs,USA,Qualcomm,founder,male
Jaime Botin,ESP,Banco Santander,relation,male
Jennifer Pritzker,USA,Hyatt,relation,female
Jonathan Nelson,USA,Providence Equity Partners,founder,male
Kenneth Feld,USA,Feld Entertainment,relation,male
Lim Oon Kuin,SGP,Hin Leong Trading,founder,male
Linda Pritzker,USA,Hyatt,relation,female
Liu Baolin,CHN,Jointown Pharmaceutical Group,chairman,male
Lutz Mario Helmig,DEU,Helios Hospital Group,founder,male
M.A. Yusuff Ali,IND,EMKE Group (Lulu Hypermarket),relation,male
Neal Patterson,USA,Cerner Corporation,founder,male
Nikolai Tsvetkov,RUS,Financial Corporation Uralsib,founder,male
Polys Haji-Ioannou,CYP,EasyJet,owner,male
Ravi Pillai,IND,RP Group,chairman,male
Rishad Naoroji,IND,Godrej Group,relation,male
Roberto Hernandez Ramirez,MEX,Banamex,former CEO,male
Ronald Wanek,USA,Ashley Furniture,founder,male
Stanley Perron,AUS,Hancock Prospecting,investor,male
Sunny Varkey,IND,GEMS Education,chairman,male
Susan Hirt Hagen,USA,Erie Indemnity,relation,female
Thomas Meyer,CHE,Desigual,founder,male
Timur Kulibaev,KAZ,Halyk Bank,owner,male
Tiong Hiew King,MYS,Rimbunan Hijau Group,founder,male
Tsai Cheng-da,Taiwan,Cathay Life Insurance,relation,male
Wu Guangming,CHN,Jiangsu Yuyue Medical Equipment and Supply,founder,male
Yasseen Mansour,EGY,Mansour Group,relation,male
Yuri Milner,RUS,Digital Sky Technologies (Mail.ru),founder,male
Zhang Zhirong,HKG,China Rongsheng,CEO,male
Zhu Xingliang,CHN,Suzhou Gold Mantis,investor,male
Alain Bouchard,CAN,Alimentation Couche-Tard,founder,male
Bill Adderley,GBR,Dunelm,founder,male
David Nahmad,MCO,,founder,male
Gerald Schwartz,CAN,Onex Corporation,founder,male
Jayme Garfinkel,BRA,Porto Seguro Seguros,Chairman and Chief Executive Officer,male
John Brown,USA,Stryker Corporation,Chairman,male
Judy Love,USA,Love's Travel Stops & Country Stores,founder,female
Lynda Resnick,USA,"Teleflora, Pistachios, POM, Fij",owner,female
Marian Ilitch,USA,Little Ceasers Pizza,founder,female
Michael Hintze,AUS,CQS,founder,male
Michael Ilitch,USA,Little Ceasers Pizza,founder,male
Murdaya Poo,IDN,Central Cipta Murdaya,founder,male
Prasert Prasarttong-Osoth,THA,Bangkok Dusit Medical Services,founder,male
Shin Dong-Joo,KOR,Lotte Group,relation,male
Stewart Resnick,USA,"Teleflora, Pistachios, POM, Fij",owner,male
Tom Love,USA,Love's Travel Stops & Country Stores,founder,male
Alexander Machkevich,ISR,Eurasion natural Resources Corporation,founder,male
Alijan Ibragimov,KAZ,Eurasion natural Resources Corporation,founder,male
Andrei Kosogov,RUS,Alfa Group,supervisory board or directors,male
Arkady Volozh,RUS,Yandex,founder,male
Boris Rotenberg,RUS,"SGM Group, Mostotrest, TPS Avia",owner,male
Chung Mong-Joon,KOR,Hyundai,relation,male
Gabriel Escarrer,ESP,Melia Hotels International,founder,male
Gavril Yushvaev,RUS,Wimm-Bill-Dann,owner,male
Huang Bingwen,AUS,Shantou Dongfeng Printing,founder,male
Huang Li,CHN,Wuhan Guide Infrared,founder,male
Huang Wei,CHN,Xinhu Zhongbao,president,male
Igor Altushkin,RUS,Russian Copper Company,founder,male
Jeffrey Lorberbaum,USA,Mohawk Industries,Chairman and Chief Executive Officer,male
Joop van den Ende,NLD,Endemol,founder,male
Katsumi Tada,JPN,Daito Trust Construction,founder,male
Kerry Stokes,AUS,Seven Canberra,investor,male
Lee Joong-Keun,KOR,Booyoung Group,founder,male
Lee Myung-Hee,KOR,Shinsegae Group,relation,female
Lin Xiucheng,CHN,San'an Electronics,chairman,male
Marc Lasry,USA,Avenue Capital Group,founder,male
Martua Sitorus,IDN,Wilmar International,founder,male
N.R. Narayana Murthy,IND,Infosys,founder,male
Patokh Chodiev,BEL,Eurasion natural Resources Corporation,founder,male
Peter Peterson,USA,Blackstone Group,founder,male
Pier Luigi Loro Piana,ITA,Loro Piana,relation,male
Ralph Sonnenberg,NLD,Hunter Douglas Group,relation,male
Rolf Gerling,DEU,Gerling Konzern,relation,male
Shao Genhuo,CHN,DBN Group,founder,male
Thomas Secunda,USA,Bloomberg,founder,male
Tony Tan Caktiong,PHL,Jollibee,founder,male
Wang Junmin,CHN,Haisco Pharmaceutical Group,founder,male
Zhang Hongwei,CHN,United Energy Group,chairman,male
Alfred Oetker,DEU,Oetker-Gruppe,relation,male
August Oetker,DEU,Oetker-Gruppe,relation,male
Bergit Douglas,DEU,Oetker-Gruppe,relation,female
Carl Ferdinand Oetker,DEU,Oetker-Gruppe,relation,male
Christian Oetker,DEU,Oetker-Gruppe,relation,male
Domenico Dolce,ITA,Dolce & Gabbana,founder,male
Edgar de Picciotto,CHE,Union Bancaire Privee,founder,male
Hoang Kieu,USA,RAAS,founder,male
Julia Oetker,DEU,Oetker-Gruppe,relation,female
Nelson Peltz,USA,Trian Fund Management,founder,male
Richard Oetker,DEU,Oetker-Gruppe,relation,male
Rosely Schweizer,DEU,Oetker-Gruppe,relation,female
Stefano Gabbana,ITA,Dolce & Gabbana,founder,male
Vladimir Kim,KAZ,Kazkhmys,investor,male
Achmad Hamami,IDN,Trakindo Utama,founder,male
Alan Howard,GBR,Brevan Howard Asset Management,founder,male
Albert von Thurn und Taxis,DEU,von Thurn and Taxis family,relation,male
Alfred James Clark,USA,Clark Enterprises,chairman,male
Andrea Della Valle,ITA,Tod's,relation,male
Cao Kejian,CHN,Zhejiang Kaishan Compressor,chairman,male
"Chase Coleman, III.",USA,Tiger Global Management,founder,male
D. Leopoldo Del Pino y Calvo-Sotelo,ESP,Ferrovial,relation,male
David Einhorn,USA,Greenlight Capital,founder,male
Denise Coates,GBR,Bet365,founder,female
Don Hankey,USA,Hankey Group,founder,male
Gao Dekang,CHN,Bosideng International,chairman,male
Gary Burrell,USA,Garmin,founder,male
Gu Wei,CHN,Shenzhen MTC,chairman,male
Hamilton James,USA,Blackstone Group,president,male
Huang Shaowu,CHN,Shenzhen Aisidi,founder,male
James Irsay,USA,Indianapolis Colts,relation,male
"Jim Justice, II.",USA,Bluestone Industries,relation,male
"Joe Jamail, Jr.",USA,,lawyer,male
Jon Stryker,USA,Stryker Corporation,relation,male
Joyce Raley Teel,USA,Raley's,relation,female
Julio Bozano,BRA,Banco Bozano Simonsen,founder,male
Karel Komarek,CZE,KKCG Group,founder,male
Lee Jay-Hyun,KOR,CJ Group,relation,male
Liang Xinjun,CHN,Fosun Group,founder,male
Louis Bacon,USA,Moore Capital Management,founder,male
Mangal Prabhat Lodha,IND,Lodha Group,founder,male
Mario Gabelli,USA,Gabelli Asset Management Company,founder,male
Mehmet Sinan Tara,TUR,Enka insaat ve Sanayi,relation,male
Patrick Ryan,USA,Aon Corporation,founder,male
Pham Nhat Vuong,VNM,Vingroup,founder,male
Phillip Ragon,USA,InterSystems,founder,male
Pierre Papillaud,FRA,Roxane,founder,male
Pollyanna Chu,HKG,Kingston Financial,founder,female
Ray Davis,USA,Energy Transfer Partners,ceo,male
Richard Elman,GBR,Noble Group,chairman,male
Robert Miller UK,GBR,Duty Free Shopping,founder,male
Roberto Angelini Rossi,CHL,Angelini Group,relation,male
Scott Cook,USA,Intuit,founder,male
Simonpietro Salini,ITA,Salini Impregilo,relation,male
Stephen Jarislowsky,CAN,Jarislowsky Fraser Limited,founder,male
Suhon Lin,Taiwan,Chang Chun Group,founder,male
Thaksin Shinawatra,THA,Advanced Info Service,founder,male
Tsai Ming-Kai,Taiwan,MediaTek,ceo,male
Venugopal Dhoot,IND,Videocon Electronics,relation,male
Vincent Tan,MYS,Berjaya Corporation Berhad,founder,male
Wen Jianping,CHN,Beijing Originwater Technology,founder,male
Wong Luen Hei,CHN,China Lesso Group,founder,male
Yoshikazu Tanaka,JPN,"GREE, Inc",founder,male
Yuri Gushchin,RUS,Obyedinennye Konditery,founder,male
Zhou Chengjian,CHN,Metersbonwe Group,founder,male
Ahsen Ozokur,TUR,Yildiz Holding,relation,female
Ali Ibrahim Agaoglu,TUR,Agaoglu Group,founder,male
Ana Maria Brescia Cafferata,PER,Grupo Prescia (now Pandora Group),relation,female
Ana Maria Marcondes Penido Sant'Anna,BRA,CCR Group,relation,female
Benu Gopal Bangur,IND,Shree Cement,relation,male
Cesar Mata Pires,BRA,OAS SA,founder,male
Christoph Henkel,DEU,Henkel Ag,relation,male
Manuel Moroun,USA,CenTra Inc.,chairman,male
Rosa Brescia Cafferata,PER,Grupo Prescia (now Pandora Group),relation,female
Thomas Steyer,USA,Farallon Capital Management,founder,male
Wong Kwong Yu,CHN,Gome,investor,male
Alexander Frolov,RUS,Evraz,ceo,male
Alexandre Grendene Bartelle,BRA,Grendene,founder,male
Alfredo Harp Helu,MEX,Banamex,owner,male
Andrei Bokarev,RUS,CJSC Transmashholding,president,male
Bulent Eczacibasi,TUR,Eczacibasi Holding,relation,male
Chang Yung Fa,Taiwan,Evergreen Group,founder,male
Chen Tianqiao,CHN,Shanda Interactive Entertainment,founder,male
Chen Yung-Tai,Taiwan,Aurora Group,founder,male
Dan Wilks,USA,Frac Tech,founder,male
Erika Pohl-Stroher,DEU,Wella AG,relation,female
Ezra Nahmad,MCO,,founder,male
Farris Wilks,USA,Frac Tech,founder,male
Faruk Eczacibasi,TUR,Eczacibasi Holding,relation,male
Francesco Gaetano Caltagirone,ITA,Caltagirone Holdings,owner,male
Gary Michelson,USA,Medtronic,inventor,male
Gregorio Perez Companc,ARG,Petrolera Perez Companc,relation,male
He Qiaonu,CHN,Beijing Orient Landscape,founder,female
Horst Brandstaetter,DEU,Brandstatter Group,relation,male
Huang Shih Tsai,HKG,Greater China International Investment Group,founder,male
Jimmy Haslam,USA,Pilot Flying J,founder,male
John Henry,USA,John W. Henry & Company,founder,male
Jose Llado Fernandez-Urrutia,ESP,Tecnicas Reunidas,founder,male
Juan Carlos Escotet,VEN,Banesco,founder,male
Koo Bon-Moo,KOR,LG Group,relation,male
Lam Kong,CHN,China Medical Systems,founder,male
Maria Del Pino y Calvo-Sotelo,ESP,Ferrovial,relation,female
Marie-Jeanne Meyer,FRA,Louis-Dreyfus Goup,relation,female
Mark Stevens,USA,Sequoia Capital,partner,male
Massimo Moratti,ITA,Saras SPA,relation,male
Mehmet Karamehmet,TUR,Cukurova Holding,chairman,male
Mehmet Nazif Gunal,TUR,MNG Holding,founder,male
Monique Louis-Dreyfus,FRA,Louis-Dreyfus Goup,relation,female
Murali Divi,IND,Divis Laboratories,founder,male
Paul Singer,USA,Elliott Associates,founder,male
Ravi Jaipuria,IND,RJ Corp,relation,male
Richard Hayne,USA,Urban Outfitters,founder,male
Robert Coyiuto Jr,PHL,Prudential Guarantee & Assurance,relation,male
Saad Hariri,LBN,Saudi Oger,relation,male
Senapathy Gopalakrishnan,IND,Infosys,founder and executive vice chairman,male
Sergio Lins Andrade,BRA,Andrade Gutierrez,relation,male
Thomas Lee,USA,Thomas H. Lee Partners,founder,male
Tom Benson,USA,Benson Financial,founder,male
Vadim Novinsky,UKR,Smart-Holding,owner,male
Vichai Srivaddhanaprabha,THA,King Power Duty Free,founder,male
Victor Gradin,BRA,Odebrecht,owner,male
Vinod Khosla,USA,Sun Microsystems,founder,male
Wen Yibo,CHN,The Sound Group,founder,male
Yuriy Kosiuk,UKR,MHP,founder,male
Zhu Yicai,CHN,Yurun Food,founder,male
Ajay Piramal,IND,Piramel,founder,male
Isidoro Alvarez,ESP,El Corte Ingles,relation,male
Richard Scaife,USA,Mellon,relation,male
Sergei Katsiev,RUS,Megapolis,founder,male
William Ackman,USA,Pershing Square Capital Management,founder,male
Wilma Tisch,USA,Loews Corporation,relation,female
Zhang Changhong,CHN,DZH/Shanghai Great Wisdom,chairman,male
Alan Gerry,USA,Cablevision Industries,founder,male
Albert Blokker,BEL,Blokker Holding,relation,male
Alberto Cortina,ESP,Construcciones y Contratas,owner,male
Anatoly Lomakin,RUS,International Potassium Company (MMK),owner,male
Aziz Akhannouch,MAR,Akwa Group,relation,male
Billy Joe (Red) McCombs,USA,Red McCombs Automotive Group,founder,male
Chen Jianhua,CHN,Hengli Group,chairman,male
Christopher Cline,USA,Foresight Reserves,founder,male
Christopher Goldsbury,USA,Pace Foods,relation,male
Clement Fayat,FRA,Fayat,founder,male
David Walentas,USA,Dumbo,founder,male
Dmitry Kamenshchik,RUS,Moscow Domodedovo Airport.,chairman,male
Dmitry Mazepin,RUS,Uralchem,founder,male
Edmund Ansin,USA,Sunbeam Television,chairman,male
Els Blokker,NLD,Blokker Holding,relation,female
Farkhad Akhmedov,RUS,Northgas,owner,male
Francesco Saverio Salini,ITA,Salini Impregilo,relation,male
Gian Marco Moratti,ITA,Saras SPA,relation,male
Gleb Fetisov,RUS,Alfa Group,owner,male
Hamdi Ulukaya,TUR,Chobani,founder,male
Hong Ra-Hee,KOR,Samsung,relation,female
J. Joe Ricketts,USA,TD Ameritrade,founder,male
James Clark,USA,Netscape Communications Corporation,founder,male
Joao Alves de Queiroz Filho,BRA,Hypermarcas,founder,male
Jonathan Gray,USA,Blackstone Group,Global Head of Real Estate,male
Kagemasa Kozuki,JPN,Konami Corporation,founder,male
Larry Robbins,USA,Glenview Capital Management,founder,male
Lei Jufang,CHN,Tibet Cheezheng Tibetan Medicine,founder,female
Len Ainsworth,AUS,Aristocrat Leisure Limited,founder,male
Lina Maria Aguiar,BRA,Bradesco,relation,female
Luis Enrique Yarur Rey,CHL,Banco de Credito e Inversiones (BCI),relation,male
Marius Nacht,ISR,Check Point,founder,male
Max Michel Suberville,MEX,FEMSA,owner,male
Michael Ashcroft,GBR,Michael A. Ashcroft Associates,founder,male
Michel Chalhoub,FRA,Chalhoub Group,founder,male
Nandan Nilekani,IND,Infosys,founder,male
"Nicholas Pritzker, II.",USA,Hyatt,relation,male
Nicola Bulgari,ITA,Bulgari,relation,male
Oleg Tinkov,RUS,Tinkoff Brewery,founder,male
Paolo Bulgari,ITA,Bulgari,relation,male
Peter Gilgan,CAN,Mattamy Homes,founder,male
Peter Unger,DEU,Auto-Teile-Unger,founder,male
Petter Stordalen,NOR,Home Invest,founder,male
Pyotr Kondrashev,RUS,Silvinit,CEO,male
Radovan Vitek,CZE,CPI,founder,male
Ranjan Pai,IND,Manipal Education & Medical Group,relation,male
Remo Ruffini,ITA,Moncler,owner,male
Richard Chilton Jr,USA,Chilton Investment Company,founder,male
"Richard Yuengling, Jr.",USA,Yuengling,relation,male
Roman Avdeev,RUS,Credit Bank of Moscow,founder,male
Shlomo Eliahu,ISR,Eliyahu Insurance Company,founder,male
Takao Yasuda,JPN,Don Quijote,Chairman and Chief Executive Officer,male
Todd Wagner,USA,Broadcast.com,founder,male
Vladimir Iorich,DEU,Mechel AOA,owner,male
Vladimir Scherbakov,RUS,Avtotor Holding,founder,male
Wang Jing,CHN,Beijing Xinwei Telecom Technology,chairman,male
Wang Kunxiao,CHN,Yantai Jereh Oilfield Services Group,founder,male
Xiong Xuqiang,HKG,Ningbo Yinyi Group,founder,male
Yoshiko Mori,JPN,Mori Building,relation,female
Yuri Kovalchuk,RUS,Russia bank,Head of Board of Directors,male
Andrew Cherng,USA,Panda Express,founder,male
Anne Gittinger,USA,Nordstrom,relation,female
"Anton Kathrein, Jr.",DEU,Katherine Werke AG,relation,male
Henry Swieca,USA,Highbridge Capital Management,founder,male
Jonathan Oringer,USA,Shutterstock,founder,male
Kazuo Okada,JPN,Wynn Resorts,founder,male
Keeree Kanjanapas,THA,BTS Skytrain,founder,male
Lee Hwa-Kyung,KOR,Orion Corp.,relation,female
Lin Li,CHN,Liye Group,founder,male
Mark Vadon,USA,Zulily,founder,male
Oleg Boyko,RUS,Finstar Financial Group,founder,male
Patricia Angelini Rossi,CHL,Angelini Group,relation,female
Paul Foster,USA,Western Refining,founder,male
Peggy Cherng,USA,Panda Express,founder,female
Roger Penske,USA,Penske Racing,founder,male
"William Ford, Sr.",USA,Ford Motor Company,relation,male
Akio Nitori,JPN,Nitori,founder,male
Alain Taravella,FRA,Altarea Cogedim,founder,male
Allan Gray,ZAF,Allan Gray,founder,male
Allan Wong,HKG,VTech Holding,founder,male
Andrei Molchanov,RUS,Open Joint Stock Company,founder,male
Aneel Bhusri,USA,Greylock Partners,partner,male
Arturo Moreno,USA,Outdoor Systems,CEO,male
Baba Kalyani,IND,Bharat Forge,relation,male
Bruce Cheng,Taiwan,Delta Electronics,founder,male
Bruce Nordstrom,USA,Nordstrom,relation,male
Brunello Cucinelli,ITA,Brunello Cucinelli,founder,male
C. Dean Metropoulos,USA,Apollo Global management,investor,male
Carlos Francisco Ribeiro Jereissati,BRA,Inguatemi Empresa de Shopping Centers,founder,male
Charles Simonyi,USA,Microsoft,head of Microsoft's application software group,male
Charles Zegar,USA,Bloomberg,founder,male
Charlotte Colket Weber,USA,Campbell Soup,relation,female
Chen Bang,CHN,Air Eye Hospital Group,founder,male
Chu Mang Yee,CHN,Hopson Development,chairman,male
Ciputra,IDN,Ciputra Development,founder,male
David Booth,USA,Dimensional Fund Advisors,founder,male
David Sainsbury,GBR,Sainsbury's,relation,male
Desmond Sacco,ZAF,Assore Group,relation,male
Du Jiangtao,CHN,Inner Mongolia Junzhen Energy and Chemical Industry,chairman,male
Edward Stack,USA,Dick's Sporting Goods,relation,male
Eggon da Silva,BRA,WEG,founder,male
Elie Horn,BRA,Cyrela Brazil Realty,founder,male
Fawzi Al-Kharafi,KWT,Kharafi Group,relation,male
"Frank Fertitta, III.",USA,Station Casinos,ceo,male
Frank Stronach,CAN,Manga International,founder,male
George Joseph,USA,Mercury General,founder,male
Gernot Langes-Swarovski,AUT,Swarovski,relation,male
"Henry Nicholas, III.",USA,Broadcom Corporation,founder,male
Jacques Saade,FRA,CMA CGM,founder,male
James Leininger,USA,Kinetic Concepts (KCI),founder,male
Jassim Al-Kharafi,KWT,Kharafi Group,relation,male
Jiang Zhaobai,CHN,Shanghai Pengxin Group,chairman,male
Jorge Moll Filho,BRA,Rede D'Or,founder,male
Jose Isaac Peres,BRA,Multiplan,founder,male
Kenny Troutt,USA,Excel Communications,founder,male
Koos Bekker,ZAF,Naspers,founder,male
Lee Boo-Jin,KOR,Samsung,relation,female
Lee Man Tat,HKG,Lee Kum Kee,relation,male
Lev Leviev,ISR,Africa-Israel,owner,male
Lilian Werninghaus,BRA,WEG,relation,female
Lily Safra,MCO,Banco Safra (now Saftra Group),relation,female
Lorenzo Fertitta,USA,Station Casinos,founder,male
Low Tuck Kwong,IDN,Bayan Resources,founder,male
Michael Price,USA,MFP Investors,founder,male
Mohannad Al-Kharafi,KWT,Kharafi Group,relation,male
Mubariz Gurbanoglu,TUR,Palmali Group,founder,male
Mustafa Latif Topbas,TUR,BIM,owner,male
Ni Zhaoxing,CHN,Zhongrong Group,president,male
Nicholas Woodman,USA,GoPro,founder,male
Perenna Kei,HKG,Logan Property Holdings,relation,female
Peter Sperling,USA,Apollo Group,relation,male
Petro Poroshenko,UKR,Roshen Gropu,founder,male
Reinold Geiger,AUT,L'Occitane,owner,male
Rufino Vigil Gonzalez,MEX,Industrias CH,founder,male
Samih Sawiris,EGY,Orascom,relation,male
Shaul Shani,ISR,ECI Telecom,owner,male
Sidney Kimmel,USA,Jones Apparel Group,founder,male
Stephen Saad,ZAF,Aspen Pharmacare,founder,male
Sun Pingfan,CHN,Ningbo Cixing,chairman,male
Surin Upatkoon,THA,InTouch,owner,male
Thomas Sandell,SWE,Sandell Asset Management Corp,founder,male
Vadim Moshkovich,RUS,Rusagro,founder,male
Vladimir Gruzdev,RUS,The Seventh Continent,founder,male
Walter Frey,CHE,Emil Frey Group,relation,male
Wang Wenjing,CHN,Yonyou Software,chairman,male
Werner Voigt,BRA,WEG,founder,male
Zelimkhan Mutsoev,RUS,Regions Group,owner,male
Kim Jung-Ju,KOR,Nexon,founder,male
Allan Slaight,CAN,Slaight Communications,owner,male
Anas Sefrioui,MAR,Douja Promotion Groupe Addoha,founder,male
Ashwin Dani,IND,Asian Paints,relation,male
Bassam Alghanim,KWT,Alghanim Industries,relation,male
Chen Lip Keong,MYS,NagaCorp,founder,male
Chung Yong-Jin,KOR,Shinsegae Group,relation,male
"Daniel Harrison, III.",USA,Shell Oil,relation,male
David Harding,GBR,Winton Capital Management,founder,male
Huang Yi,HKG,Zhongsheng Group,founder,male
Hubert d'Ornano,FRA,Sisley Cosmetics,founder,male
Konstantin Grigorishin,RUS,Energy Standard Group,founder,male
Kutayba Alghanim,KWT,Alghanim Industries,relation,male
Seth Klarman,USA,Baupost Group,founder,male
Soichiro Fukutake,JPN,Benesse Corporation,relation,male
Wei Shaojun,CHN,Longjitaihe,founder,male
Yusaku Maezawa,JPN,Zozotown,founder,male
Abdulsamad Rabiu,NGA,BUA Group,founder,male
Ahmet Nazif Zorlu,TUR,Zorlu Holding,founder,male
Alberto Bombassei,ITA,Brembo SpA,relation,male
Alberto Roemmers,ARG,Laboratorios Roemmers,relation,male
Alexander Putilov,RUS,Eurasia Drilling Company,owner,male
Andrei Filatov,RUS,N-Trans,founder,male
Asok Kumar Hiranandani,SGP,Royal Group Holdings,relation,male
Ayman Hariri,LBN,Saudi Oger,relation,male
Benedicta Chamberlain,GBR,William Grant and Sons,relation,female
Brian Roberts,USA,Comcast,relation,male
Carol Jenkins Barnett,USA,Publix Super Markets,relation,female
Cho Tak Wong,HKG,Fuyao Glass Industry Group,CEO,male
Cho Yang-Rai,KOR,Hankook Tire,relation,male
Claude Dauphin,FRA,Trafigura Beheer BV,founder,male
Dan Snyder,USA,Snyder Communications,founder,male
David Yakobashvili,RUS,Wimm-Bill-Dann,owner,male
Denise York,USA,The DeBartolo Corporation,relation,female
Donald Hall,USA,Hallmark Cards,relation,male
Dorothea Steinbruch,BRA,Vicuna Group,relation,female
Douglas Hsu,Taiwan,Far Eastern Group,relation,male
Drew Houston,USA,Dropbox,founder,male
Edwin Soeryadjaya,IDN,Astra International,relation,male
Fahd Hariri,LBN,Saudi Oger,relation,male
Gabe Newell,USA,Valve Corporation,founder,male
Gerry Harvey,AUS,Harvey Norman,founder,male
Gilles Martin,FRA,Eurofins Scientific,founder,male
Guilherme Peirao Leal,BRA,Natura Cosmeticos,co-chairman,male
Hary Tanoesoedibjo,IDN,MNC Group,founder,male
Huang Wen Tsai,CHN,Star River Goup,founder,male
Ioan Niculae,ROU,InterAgro,founder,male
Jacky Xu,KNA,Trendy Internation Group,founder,male
Jacques Merceron-Vicat,FRA,Vicat,relation,male
James Ratcliffe,GBR,Ineos,founder,male
Jeff Rothschild,USA,Facebook,Vice President of Infrastructure Software,male
Koh Wee Meng,SGP,Fragrance Group,founder,male
Konstantin Nikolaev,RUS,N-Trans,founder,male
Kostyantin Zhevago,UKR,Ferrexpo,founder,male
Lang Walker,AUS,The Walker Group,founder,male
Len Buckeridge,AUS,Buckeridge Group of Companies,founder,male
Leonid Simanovsky,RUS,Novatek,founder,male
Li Li,CHN,Shenzhen Hepalink Pharmaceutical,founder,male
Lia Maria Aguiar,BRA,Bradesco,relation,female
Liu Xuejing,CHN,GMK Holding,owner,male
Maria Ines de Lafuente Lacroze,ARG,Loma Negra,relation,female
Mark Dixon,GBR,Regus,founder,male
Michael Krasny,USA,CDW Corporation,founder,male
Mofatraj Munot,IND,Kalpataru Group,founder,male
Mohammed Al Barwani,OMN,MB Holding,founder,male
Mokhzani Mahathir,MYS,SapuraKencana,founder,male
Mori Arkin,ISR,Agis Industries,owner,male
Nan Cunhui,CHN,Chint Group,chairman,male
Nikita Mishin,RUS,N-Trans,founder,male
Nikolai Maximov,RUS,Maxi Group,founder,male
Nirav Modi,IND,Firestar International,founder,male
Rakesh Jhunjhunwala,IND,Lupin,investor,male
Ron Sim,SGP,OSIM International,founder,male
Ronald Joyce,CAN,Tim Hortons,founder,male
Rubens Menin Teixeira de Souza,BRA,MRV Engenharia,founder,male
Steve Case,USA,AOL,Chairman and Chief Executive Officer,male
Suat Gunsel,CYP,Near East University,founder,male
Tian Ming,CHN,Hefei Meiya Optoelectronic Technology,owner,male
Tu Jianhua,CHN,Lancing Motor,chairman,male
Vincent McMahon,USA,World Wrestling Entertainment (WWE),relation,male
William Macaulay,USA,First Reserve Corporation,founder,male
Wong Man Li,HKG,Man Wah Holdings,founder,male
Xiu Li Hawken,GBR,Renhe Commercial Holdings,owner,female
Yu Minhong,CHN,New Oriental Education and Technology Group,founder,male
Zhang Zhongneng,CHN,Guangdong Dongyangguang Aluminum,owner,male
Zhong Sheng Jian,SGP,Yanlord Land Group,founder,male
Ziyaudin Magomedov,RUS,Summa Group,founder,male
Alexei Bogachev,RUS,Magnit,owner,male
Alexei Semin,RUS,Obrazovanie,owner,male
Alfredo Egydio Arruda Villela Filho,BRA,Itausa Investimentos Itau SA,relation,male
Andrei Kuzyaev,RUS,Perm Financial Industrial Group (PFIG),founder,male
Brij Bhushan Singal,IND,Bhushan Steel,founder,male
Daisy Igel,BRA,Ultrapar,relation,female
Danny Tan Chee Sing,MYS,Dijaya,founder,male
Eduardo Hochschild,PER,Hochschild Mining,relation,male
Fernando Roig,ESP,Mercadona,relation,male
Jacob Stolt-Nielsen,NOR,Parcel Trade,founder,male
Jane Lauder,USA,Est?Lauder,relation,female
John Edson,USA,Baylinter Marine Corp,founder,male
Lee Hae-Jin,KOR,Naver,owner,male
Lee Seo-Hyun,KOR,Samsung,relation,female
Liu Zhenguo,CHN,Beijing Originwater Technology,Vice Chairman,male
Ma Xingtian,CHN,Kangmei Pharmaceutical,founder,male
Max Turnauer,AUT,Constantia,relation,male
Megdet Rahimkulov,RUS,Gazprom,Chief Executive,male
Miao Shouliang,CHN,Fuyuan Group,,male
Mitchell Jacobson,USA,MSC Direct,relation,male
Qi Xiangdong,CHN,Qihoo,founder,male
Thongma Vijitpongpun,THA,Pruksa Real Estate,founder,male
Ye Cheng,CHN,Shandong Landbridge Group,chairman,male
Aerin Lauder Zinterhofer,USA,Est?Lauder,relation,female
Ahmet Calik,TUR,Calik Holding,relation,male
Airat Shaimiev,RUS,TAIF Group,owner,male
Albert Shigaboutdinov,RUS,TAIF Group,owner,male
Albert Yeung,HKG,Emperor Group,founder,male
Alexander Rovt,USA,IBE Trade,owner,male
Alexander Spanos,USA,A. G. Spanos Companies,founder,male
Alfred Mann,USA,Spectrolab,founder,male
Aloke Lohia,THA,Indorama Ventures,founder,male
Ana Lucia de Mattos Barretto Villela,BRA,Itausa Investimentos Itau SA,relation,female
Anatoly Sedykh,RUS,United Metallurigcal Company,founder,male
Andrei Rappoport,RUS,RAO UES,founder,male
Aydin Dogan,TUR,Dogan Holding,founder,male
Binod Chaudhary,NPL,Chaudhary Group,relation,male
Charles Brandes,USA,Brades Investment Partners,founder,male
Charles Munger,USA,Berkshire Hathaway,vice-chairman,male
Choo Chong Ngen,SGP,Hotel 81,founder,male
Daniel Hirschfeld,USA,Buckle,relation,male
Darwin Deason,USA,Affiliated Computer Services,founder,male
Edir Macedo,BRA,Rede Record,owner,male
Evgeny (Eugene) Shvidler,USA,Runicom S.A,founder,male
Fang Wei,CHN,Fangda International Industrial Investment?,chairman,male
Goh Peng Ooi,MYS,Silverlake Axis,founder,male
Gordon Wu,HKG,Hopewell Holdings,founder,male
Hajime Satomi,JPN,Sammy Corporation,founder,male
Harjo Sutanto,IDN,Wings Group,founder,male
Henry Engelhardt,USA,Admiral Group,founder,male
Hu Kaijun,CHN,China Grand Pharmaceutical,owner,male
Huang Zhenda,CHN,Guangdong Liantai Group,founder,male
Ilkka Herlin,FIN,Kone Corporation,relation,male
Ilona Herlin,FIN,Kone Corporation,relation,female
Isaac Larian,USA,MGA Entertainment,founder,male
Jean Burelle,FRA,Plastic Omnium,relation,male
Jiang Wei,CHN,Guizhou Bailing Group Pharmaceutical,chairman,male
Jon Huntsman,USA,Huntsman chemical,founder,male
Jose Maria Aristrain,ESP,Arcelor,relation,male
Jose Mendes Nogueira,BRA,J Mendes,founder,male
Joseph Grendys,USA,Koch Foods,owner,male
Juan Fernando Belmont Anderson,PER,Yanbal Internacional,founder,male
Ke Xiping,CHN,Xiamen Hengxing group,founder,male
Koo Bon-Neung,KOR,LG Group,relation,male
Lachhman Das Mittal,IND,Sonalika Group,founder,male
Laurent Burelle,FRA,Plastic Omnium,relation,male
Liu Zhenfeng,CHN,Yantai Jereh Oilfield Services Group,owner,male
Luo Fei,CHN,Biostime International Holdings,ceo,male
Marcel Adams,CAN,Iberville Developments,founder,male
Mark Pincus,USA,Zynga,founder,male
Michael Steinhardt,USA,"Steinhardt, Fine, Berkowitz & Co",founder,male
Miriam Blocher,CHE,EMS-Chemie,relation,female
Mohammed Ibrahim,GBR,Celtel,founder,male
Niklas Herlin,FIN,Kone Corporation,relation,male
Nikolai Sarkisov,RUS,RESO-Garantiya,owner,male
Nobutada Saji,JPN,Suntory,relation,male
Park Hyeon-Joo,KOR,Mirae Asset,founder,male
PNC Menon,OMN,Sobha Developers,founder,male
Que Wenbin,CHN,Duyiwei Biological Pharmaceutical,owner,male
Radik Shaimiev,RUS,TAIF Group,owner,male
Ray Irani,USA,Occidental Petroleum,former CEO,male
Robert Citrone,USA,Discovery Capital Management,founder,male
Robert Ell,AUS,Leda Holdings,founder,male
Robert Piccinini,USA,Save Mart,relation,male
Rustem Sulteev,RUS,RESO-Garantiya,founder,male
Sergei Kislov,RUS,Yug Rusi,founder,male
Sergei Sarkisov,RUS,RESO-Garantiya,owner,male
Shen Wenrong,CHN,Shagang Group,chairman,male
Solomon Lew,AUS,Premier Investments,chairman,male
Stewart Horejsi,USA,Berkshire Hathaway,investor,male
Sudhir Ruparelia,UGA,Ruparelia Group,founder,male
Thomas Straumann,CHE,Straumann Group,relation,male
Timothy Boyle,USA,Columbia Sportswear,relation,male
Vito Rodriguez Rodriguez,PER,Jose Rodriguez Banda,founder,male
Yan Zhi,CHN,Zall Development of Wuhan,founder,male
Yusuf Hamied,IND,Cipla,relation,male
Zhang Guiping,CHN,Suning Universal,chairman,male
Alan Rydge,AUS,AHL,relation,male
Chen Miaolin,CHN,New Century Group,founder,male
Chen Zemin,CHN,Sanquan Food,founder,male
Cheung Yan,CHN,Nine Dragons Paper,founder,female
Christopher Hohn,GBR,Children's Investment Fund,founder,male
Deniz Sahenk,TUR,Dogus Holding,relation,female
Douglas Perkins,USA,Specsavers,founder,male
Giancarlo Franceso Civita,BRA,Grupo Abril,relation,male
Hubert Palfinger,AUT,Palfinger AG,relation,male
Jose Ermirio de Moraes Neto,BRA,Votorantim Group,relation,male
Jose Roberto Ermirio de Moraes,BRA,Votorantim Group,relation,male
K Dinesh,IND,Infosys,founder,male
K. Rai Sahi,CAN,Morgaurd,chairman and ceo,male
Kim Taek-Jin,KOR,NCSOFT,founder,male
Liu Gexin,CHN,Sichuan Kelun Pharmaceutical,founder,male
Liu Ming Chung,BRA,Nine Dragons Paper,founder,male
Mary Perkins,USA,Specsavers,founder,female
Neide Helena de Moraes,BRA,Votorantim Group,relation,female
Roberta Anamaria Civita,BRA,Grupo Abril,relation,female
Ryoichi Jinnai,JPN,Promise Consumer Finance,founder,male
Sheryl Sandberg,USA,Facebook,COO,female
Sun Hongbin,USA,Sunac China Holdings,founder,male
Victor Civita Neto,BRA,Grupo Abril,relation,male
Vikram Lal,IND,Eicher Motors,relation,male
Wang Laichun,CHN,Luxshare Precision Industry,chairwomen,female
Wang Laisheng,CHN,Luxshare Precision Industry,owner,male
Yao Wenbin,CHN,Ourpalm,founder,male
Zadik Bino,ISR,Paz oil company,owner,male
Alberto Alcocer,ESP,Construcciones y Contratas,owner,male
Alexander Vik,NOR,Scandinavia Fund,investor,male
An Kang,CHN,Hualan Biological Engineering,founder,male
Andrea Reimann-Ciardelli,USA,Benckiser,relation,female
Andrew Gotianun,PHL,Filinvest Development Corporation,founder,male
Angela Bennett,AUS,Wright Prospecting,relation,female
Anne Beaufour,FRA,Ipsen,relation,female
B.R. Shetty,IND,New Medical Centre,founder,male
Bent Jensen,DEN,Linak,relation,male
Boris Mints,RUS,O1 Properties,owner,male
Brian Higgins,USA,King Street Capital Management,founder,male
C. James Koch,USA,Boston Beer Company,founder,male
Carlos Martins,BRA,Wizard language Schools,founder,male
Chang Pyung-Soon,KOR,Kyowon Co,founder,male
Christopher Burch,USA,Tory Burch LLC,founder,male
Dariusz Milek,POL,Milek (now CCC),founder,male
Ding Shijia,CHN,Anta Sports,deputy chairman,male
Ding Shizhong,CHN,China SCE Property Holdings Limited,director,male
Dmitry Korzhev,RUS,Mega-Auto,founder,male
Dmitry Troitsky,RUS,Mega-Auto,founder,male
Elena Baturina,RUS,Inteco,founder,female
Enrique Banuelos,ESP,ASTROC,founder,male
Feng Hailiang,CHN,Hailiang Group,founder,male
Fred Chang,USA,Newegg.com,founder,male
Fu Kwan,CHN,Macrolink Group,chairman,male
Graham Kirkham,GBR,DFS,founder,male
Harindarpal Banga,IND,Noble Group,Vice Chairman,male
Henri Beaufour,FRA,Ipsen,relation,male
Horst Julius Pudwill,DEU,Techtronic Industries,founder,male
Huo Qinghua,CHN,China Kingho,chairman,male
Ina Chan,HKG,Sociedade de Turismo e Divers?es de Macau,relation,female
Jeanine Dick,FRA,Virbac,relation,female
Jim Thompson,USA,Crown Worldwide Group,founder,male
Jitendra Virwani,IND,Embassy Property Developments,founder,male
John Morgridge,USA,Cisco Systems,ceo,male
John Van Lieshout,AUS,,founder,male
Jorge Rodriguez Rodriguez,PER,Jose Rodriguez Banda,founder,male
Kenneth Tuchman,USA,TeleTech,founder,male
Lam Fong Ngo,MAC,Macau Legend,Vice Chairman,female
Leon Charney,USA,One Times Square,investor,male
Leonard Schleifer,USA,Regeneron Pharmaceuicals,founder,male
Li Denghai,CHN,Shandong Denghai Seeds,founder,male
Li Shuirong,CHN,Rongsheng Petrochemical,chairman,male
Lim Hariyanto Wijaya Sarwono,IDN,Bumitama Agri,founder,male
Lin Ming-Hsiung,Taiwan,Pxmart,owner,male
Liu Xiaomeng,CHN,Suning Group,investor,female
Michael Kors,USA,Michael Kors,founder,male
Michael Lynch,GBR,Autonomy Corporation,founder,male
Mikhail Abyzov,RUS,E4 Group,Chairman,male
Monika Schoeller,DEU,Verlagsgruppe Holtzbrinck,relation,female
Morris Kahn,ISR,Amdocs,investor,male
Murat Vargi,TUR,Turkcell,founder,male
Nerijus Numavicius,LTU,VP Group,founder,male
O. Francis Biondi,USA,King Street Capital Management,founder,male
Pavel Tykac,CZE,Motoinvest,investor,male
Philip Falcone,USA,Harbinger Capital,founder,male
Richard Chang,Taiwan,Advanced Semiconductor Engineering,founder,male
Robert Ingham,AUS,Inghams Enterprises,relation,male
Rostam Azizi,TZA,Vodacom Tanzania,investor,male
Ryan Kavanaugh,USA,Relativity Media,founder,male
Sara Blakely,USA,Spanx,founder,female
Seo Jung-Jin,KOR,Celltrion,founder,male
Sergei Petrov,RUS,Rolf Group,founder,male
Sergei Tsikalyuk,RUS,Military Insurance Company (VSK),founder,male
Serhiy Tihipko,UKR,PrivatBank,founder,male
Shoji Uehara,JPN,Taisho Pharmaceutical,relation,male
Stefan von Holtzbrinck,DEU,Verlagsgruppe Holtzbrinck,relation,male
T.S. Kalyanaraman,IND,Kalyan Jewellers,founder,male
Thomas Bailey,USA,Janus Capital Group,founder,male
Thomas Kaplan,USA,Apex Silver Mines,founder,male
Tory Burch,USA,Tory Burch LLC,founder,female
Vivek Chaand Sehgal,AUS,Samvardhana Motherson Group,founder,male
Wang Jianfeng,CHN,Ningo Joyson Electric,founder,male
Wang Muqing,CHN,China ZhengTong Auto Services,founder,male
Wang Yong,CHN,Xiwang Group,founder,male
"William Moncrief, Jr.",USA,Moncrief Oil,relation,male
Wu Chung-Yi,Taiwan,Tingyi,investor,male
Wu Xiong,CHN,Biostime International Holdings,owner,male
Yang Keng,CHN,Blue Ray Corp,chairman,male
Zdenek Bakala,CZE,Patria Finance,founder,male
Zhu Wenchen,CHN,Furen Pharmaceutical Group,chairman,male
